[debug] [2026-03-10T15:11:59.780Z] ----------------------------------------------------------------------
[debug] [2026-03-10T15:11:59.784Z] Command:       /nix/store/ws50yvm6vzlzf7jzz6n7xh4szddrack1-nodejs-20.19.1/bin/node /nix/store/gm9mcvzb17vv8cla08khrg29vxn3sq4r-firebase-tools-15.1.0/lib/node_modules/firebase-tools/lib/bin/firebase.js deploy --only apphosting
[debug] [2026-03-10T15:11:59.785Z] CLI Version:   15.1.0
[debug] [2026-03-10T15:11:59.785Z] Platform:      linux
[debug] [2026-03-10T15:11:59.786Z] Node Version:  v20.19.1
[debug] [2026-03-10T15:11:59.786Z] Time:          Tue Mar 10 2026 15:11:59 GMT+0000 (Coordinated Universal Time)
[debug] [2026-03-10T15:11:59.786Z] ----------------------------------------------------------------------
[debug] 
[debug] [2026-03-10T15:11:59.790Z] >>> [apiv2][query] GET https://firebase-public.firebaseio.com/cli.json [none]
[debug] [2026-03-10T15:12:03.207Z] Object "/apphosting" in "firebase.json" is missing required property: {"missingProperty":"backendId"}
[debug] [2026-03-10T15:12:03.207Z] Field "/apphosting" in "firebase.json" is possibly invalid: must be array
[debug] [2026-03-10T15:12:03.208Z] Field "/apphosting" in "firebase.json" is possibly invalid: must match a schema in anyOf
[debug] [2026-03-10T15:12:03.210Z] No OAuth tokens found
[debug] [2026-03-10T15:12:03.210Z] No OAuth tokens found
[error] Failed to fetch Firebase Project from current Studio Workspace: Unable to refresh auth: not yet authenticated.
[debug] [2026-03-10T15:12:03.217Z] > command requires scopes: ["email","openid","https://www.googleapis.com/auth/cloudplatformprojects.readonly","https://www.googleapis.com/auth/firebase","https://www.googleapis.com/auth/cloud-platform","https://www.googleapis.com/auth/userinfo.email"]
[debug] [2026-03-10T15:12:03.553Z] <<< [apiv2][status] GET https://firebase-public.firebaseio.com/cli.json 200
[debug] [2026-03-10T15:12:03.555Z] <<< [apiv2][body] GET https://firebase-public.firebaseio.com/cli.json {"cloudBuildErrorAfter":1594252800000,"cloudBuildWarnAfter":1590019200000,"defaultNode10After":1594252800000,"minVersion":"3.0.5","node8DeploysDisabledAfter":1613390400000,"node8RuntimeDisabledAfter":1615809600000,"node8WarnAfter":1600128000000}
[debug] [2026-03-10T15:12:13.019Z] Running auto auth
[debug] [2026-03-10T15:12:13.049Z] [iam] checking project ecosystem-hub for permissions ["firebase.projects.get",null]
[debug] [2026-03-10T15:12:13.050Z] No OAuth tokens found
[debug] [2026-03-10T15:12:13.050Z] >>> [apiv2][query] POST https://cloudresourcemanager.googleapis.com/v1/projects/ecosystem-hub:testIamPermissions [none]
[debug] [2026-03-10T15:12:13.050Z] >>> [apiv2][(partial)header] POST https://cloudresourcemanager.googleapis.com/v1/projects/ecosystem-hub:testIamPermissions x-goog-quota-user=projects/ecosystem-hub
[debug] [2026-03-10T15:12:13.051Z] >>> [apiv2][body] POST https://cloudresourcemanager.googleapis.com/v1/projects/ecosystem-hub:testIamPermissions {"permissions":["firebase.projects.get",null]}
[debug] [2026-03-10T15:12:13.978Z] <<< [apiv2][status] POST https://cloudresourcemanager.googleapis.com/v1/projects/ecosystem-hub:testIamPermissions 200
[debug] [2026-03-10T15:12:13.978Z] <<< [apiv2][body] POST https://cloudresourcemanager.googleapis.com/v1/projects/ecosystem-hub:testIamPermissions {"permissions":["firebase.projects.get"]}
[debug] [2026-03-10T15:12:13.978Z] [iam] error while checking permissions, command may fail: Authorization failed. This account is missing the following required permissions on project ecosystem-hub:

  
[info] 
[info] === Deploying to 'ecosystem-hub'...
[info] 
[info] i  deploying apphosting 
[debug] [2026-03-10T15:12:13.989Z] No OAuth tokens found
[debug] [2026-03-10T15:12:13.991Z] >>> [apiv2][query] GET https://serviceusage.googleapis.com/v1/projects/ecosystem-hub/services/firebaseapphosting.googleapis.com [none]
[debug] [2026-03-10T15:12:13.992Z] >>> [apiv2][(partial)header] GET https://serviceusage.googleapis.com/v1/projects/ecosystem-hub/services/firebaseapphosting.googleapis.com x-goog-quota-user=projects/ecosystem-hub
[debug] [2026-03-10T15:12:15.016Z] <<< [apiv2][status] GET https://serviceusage.googleapis.com/v1/projects/ecosystem-hub/services/firebaseapphosting.googleapis.com 200
[debug] [2026-03-10T15:12:15.020Z] <<< [apiv2][body] GET https://serviceusage.googleapis.com/v1/projects/ecosystem-hub/services/firebaseapphosting.googleapis.com [omitted]
[debug] [2026-03-10T15:12:15.028Z] No OAuth tokens found
[debug] [2026-03-10T15:12:15.030Z] No OAuth tokens found
[debug] [2026-03-10T15:12:15.031Z] No OAuth tokens found
[debug] [2026-03-10T15:12:15.031Z] No OAuth tokens found
[debug] [2026-03-10T15:12:15.031Z] No OAuth tokens found
[debug] [2026-03-10T15:12:15.032Z] No OAuth tokens found
[debug] [2026-03-10T15:12:15.032Z] >>> [apiv2][query] GET https://serviceusage.googleapis.com/v1/projects/ecosystem-hub/services/developerconnect.googleapis.com [none]
[debug] [2026-03-10T15:12:15.032Z] >>> [apiv2][(partial)header] GET https://serviceusage.googleapis.com/v1/projects/ecosystem-hub/services/developerconnect.googleapis.com x-goog-quota-user=projects/ecosystem-hub
[debug] [2026-03-10T15:12:15.033Z] >>> [apiv2][query] GET https://serviceusage.googleapis.com/v1/projects/ecosystem-hub/services/cloudbuild.googleapis.com [none]
[debug] [2026-03-10T15:12:15.033Z] >>> [apiv2][(partial)header] GET https://serviceusage.googleapis.com/v1/projects/ecosystem-hub/services/cloudbuild.googleapis.com x-goog-quota-user=projects/ecosystem-hub
[debug] [2026-03-10T15:12:15.035Z] >>> [apiv2][query] GET https://serviceusage.googleapis.com/v1/projects/ecosystem-hub/services/secretmanager.googleapis.com [none]
[debug] [2026-03-10T15:12:15.035Z] >>> [apiv2][(partial)header] GET https://serviceusage.googleapis.com/v1/projects/ecosystem-hub/services/secretmanager.googleapis.com x-goog-quota-user=projects/ecosystem-hub
[debug] [2026-03-10T15:12:15.038Z] >>> [apiv2][query] GET https://serviceusage.googleapis.com/v1/projects/ecosystem-hub/services/run.googleapis.com [none]
[debug] [2026-03-10T15:12:15.038Z] >>> [apiv2][(partial)header] GET https://serviceusage.googleapis.com/v1/projects/ecosystem-hub/services/run.googleapis.com x-goog-quota-user=projects/ecosystem-hub
[debug] [2026-03-10T15:12:15.040Z] >>> [apiv2][query] GET https://serviceusage.googleapis.com/v1/projects/ecosystem-hub/services/artifactregistry.googleapis.com [none]
[debug] [2026-03-10T15:12:15.040Z] >>> [apiv2][(partial)header] GET https://serviceusage.googleapis.com/v1/projects/ecosystem-hub/services/artifactregistry.googleapis.com x-goog-quota-user=projects/ecosystem-hub
[debug] [2026-03-10T15:12:15.041Z] >>> [apiv2][query] GET https://serviceusage.googleapis.com/v1/projects/ecosystem-hub/services/iam.googleapis.com [none]
[debug] [2026-03-10T15:12:15.041Z] >>> [apiv2][(partial)header] GET https://serviceusage.googleapis.com/v1/projects/ecosystem-hub/services/iam.googleapis.com x-goog-quota-user=projects/ecosystem-hub
[debug] [2026-03-10T15:12:15.889Z] <<< [apiv2][status] GET https://serviceusage.googleapis.com/v1/projects/ecosystem-hub/services/secretmanager.googleapis.com 200
[debug] [2026-03-10T15:12:15.889Z] <<< [apiv2][body] GET https://serviceusage.googleapis.com/v1/projects/ecosystem-hub/services/secretmanager.googleapis.com [omitted]
[debug] [2026-03-10T15:12:15.919Z] <<< [apiv2][status] GET https://serviceusage.googleapis.com/v1/projects/ecosystem-hub/services/developerconnect.googleapis.com 200
[debug] [2026-03-10T15:12:15.920Z] <<< [apiv2][body] GET https://serviceusage.googleapis.com/v1/projects/ecosystem-hub/services/developerconnect.googleapis.com [omitted]
[debug] [2026-03-10T15:12:15.923Z] No OAuth tokens found
[debug] [2026-03-10T15:12:15.923Z] >>> [apiv2][query] POST https://serviceusage.googleapis.com/v1/projects/ecosystem-hub/services/developerconnect.googleapis.com:enable [none]
[debug] [2026-03-10T15:12:15.923Z] >>> [apiv2][(partial)header] POST https://serviceusage.googleapis.com/v1/projects/ecosystem-hub/services/developerconnect.googleapis.com:enable x-goog-quota-user=projects/ecosystem-hub
[debug] [2026-03-10T15:12:15.932Z] <<< [apiv2][status] GET https://serviceusage.googleapis.com/v1/projects/ecosystem-hub/services/cloudbuild.googleapis.com 200
[debug] [2026-03-10T15:12:15.932Z] <<< [apiv2][body] GET https://serviceusage.googleapis.com/v1/projects/ecosystem-hub/services/cloudbuild.googleapis.com [omitted]
[debug] [2026-03-10T15:12:15.956Z] <<< [apiv2][status] GET https://serviceusage.googleapis.com/v1/projects/ecosystem-hub/services/artifactregistry.googleapis.com 200
[debug] [2026-03-10T15:12:15.963Z] <<< [apiv2][body] GET https://serviceusage.googleapis.com/v1/projects/ecosystem-hub/services/artifactregistry.googleapis.com [omitted]
[debug] [2026-03-10T15:12:15.975Z] <<< [apiv2][status] GET https://serviceusage.googleapis.com/v1/projects/ecosystem-hub/services/run.googleapis.com 200
[debug] [2026-03-10T15:12:15.975Z] <<< [apiv2][body] GET https://serviceusage.googleapis.com/v1/projects/ecosystem-hub/services/run.googleapis.com [omitted]
[debug] [2026-03-10T15:12:15.994Z] <<< [apiv2][status] GET https://serviceusage.googleapis.com/v1/projects/ecosystem-hub/services/iam.googleapis.com 200
[debug] [2026-03-10T15:12:15.997Z] <<< [apiv2][body] GET https://serviceusage.googleapis.com/v1/projects/ecosystem-hub/services/iam.googleapis.com [omitted]
[debug] [2026-03-10T15:12:16.863Z] <<< [apiv2][status] POST https://serviceusage.googleapis.com/v1/projects/ecosystem-hub/services/developerconnect.googleapis.com:enable 200
[debug] [2026-03-10T15:12:16.863Z] <<< [apiv2][body] POST https://serviceusage.googleapis.com/v1/projects/ecosystem-hub/services/developerconnect.googleapis.com:enable [omitted]
[debug] [2026-03-10T15:12:26.880Z] No OAuth tokens found
[debug] [2026-03-10T15:12:26.881Z] >>> [apiv2][query] POST https://iam.googleapis.com/v1/projects/ecosystem-hub/serviceAccounts/firebase-app-hosting-compute@ecosystem-hub.iam.gserviceaccount.com:testIamPermissions [none]
[debug] [2026-03-10T15:12:26.881Z] >>> [apiv2][(partial)header] POST https://iam.googleapis.com/v1/projects/ecosystem-hub/serviceAccounts/firebase-app-hosting-compute@ecosystem-hub.iam.gserviceaccount.com:testIamPermissions x-goog-quota-user=projects/ecosystem-hub
[debug] [2026-03-10T15:12:26.881Z] >>> [apiv2][body] POST https://iam.googleapis.com/v1/projects/ecosystem-hub/serviceAccounts/firebase-app-hosting-compute@ecosystem-hub.iam.gserviceaccount.com:testIamPermissions {"permissions":["iam.serviceAccounts.actAs"]}
[debug] [2026-03-10T15:12:27.842Z] <<< [apiv2][status] POST https://iam.googleapis.com/v1/projects/ecosystem-hub/serviceAccounts/firebase-app-hosting-compute@ecosystem-hub.iam.gserviceaccount.com:testIamPermissions 404
[debug] [2026-03-10T15:12:27.842Z] <<< [apiv2][body] POST https://iam.googleapis.com/v1/projects/ecosystem-hub/serviceAccounts/firebase-app-hosting-compute@ecosystem-hub.iam.gserviceaccount.com:testIamPermissions {"error":{"code":404,"message":"Unknown service account","status":"NOT_FOUND"}}
[debug] [2026-03-10T15:12:27.857Z] No OAuth tokens found
[debug] [2026-03-10T15:12:27.858Z] >>> [apiv2][query] POST https://iam.googleapis.com/v1/projects/ecosystem-hub/serviceAccounts [none]
[debug] [2026-03-10T15:12:27.858Z] >>> [apiv2][body] POST https://iam.googleapis.com/v1/projects/ecosystem-hub/serviceAccounts {"accountId":"firebase-app-hosting-compute","serviceAccount":{"displayName":"Firebase App Hosting compute service account","description":"Default service account used to run builds and deploys for Firebase App Hosting"}}
[debug] [2026-03-10T15:12:28.391Z] <<< [apiv2][status] POST https://iam.googleapis.com/v1/projects/ecosystem-hub/serviceAccounts 200
[debug] [2026-03-10T15:12:28.392Z] <<< [apiv2][body] POST https://iam.googleapis.com/v1/projects/ecosystem-hub/serviceAccounts [omitted]
[debug] [2026-03-10T15:12:28.393Z] No OAuth tokens found
[debug] [2026-03-10T15:12:28.393Z] >>> [apiv2][query] POST https://cloudresourcemanager.googleapis.com/v1/projects/ecosystem-hub:getIamPolicy [none]
[debug] [2026-03-10T15:12:28.705Z] <<< [apiv2][status] POST https://cloudresourcemanager.googleapis.com/v1/projects/ecosystem-hub:getIamPolicy 200
[debug] [2026-03-10T15:12:28.705Z] <<< [apiv2][body] POST https://cloudresourcemanager.googleapis.com/v1/projects/ecosystem-hub:getIamPolicy {"version":1,"etag":"BwZMQzJwE7s=","bindings":[{"role":"roles/accessapproval.viewer","members":["user:charleskramer2211@gmail.com"]},{"role":"roles/cloudaicompanion.serviceAgent","members":["serviceAccount:service-204859518196@gcp-sa-cloudaicompanion.iam.gserviceaccount.com"]},{"role":"roles/cloudbuild.builds.builder","members":["serviceAccount:204859518196@cloudbuild.gserviceaccount.com"]},{"role":"roles/cloudbuild.serviceAgent","members":["serviceAccount:service-204859518196@gcp-sa-cloudbuild.iam.gserviceaccount.com"]},{"role":"roles/containeranalysis.ServiceAgent","members":["serviceAccount:service-204859518196@container-analysis.iam.gserviceaccount.com"]},{"role":"roles/containerregistry.ServiceAgent","members":["serviceAccount:service-204859518196@containerregistry.iam.gserviceaccount.com"]},{"role":"roles/datastore.importExportAdmin","members":["serviceAccount:ecosystem-hub-backend@ecosystem-hub.iam.gserviceaccount.com"]},{"role":"roles/datastore.user","members":["serviceAccount:ecosystem-hub-backend@ecosystem-hub.iam.gserviceaccount.com"]},{"role":"roles/editor","members":["serviceAccount:204859518196@cloudservices.gserviceaccount.com"]},{"role":"roles/firebase.admin","members":["serviceAccount:204859518196-compute@developer.gserviceaccount.com","serviceAccount:204859518196@cloudbuild.gserviceaccount.com"]},{"role":"roles/firebase.managementServiceAgent","members":["serviceAccount:service-204859518196@gcp-sa-firebase.iam.gserviceaccount.com"]},{"role":"roles/firebase.sdkAdminServiceAgent","members":["serviceAccount:firebase-adminsdk-fbsvc@ecosystem-hub.iam.gserviceaccount.com"]},{"role":"roles/firebaseappcheck.admin","members":["serviceAccount:firebase-adminsdk-fbsvc@ecosystem-hub.iam.gserviceaccount.com"]},{"role":"roles/firebaseauth.admin","members":["serviceAccount:firebase-adminsdk-fbsvc@ecosystem-hub.iam.gserviceaccount.com"]},{"role":"roles/firebasedatabase.admin","members":["serviceAccount:firebase-adminsdk-fbsvc@ecosystem-hub.iam.gserviceaccount.com"]},{"role":"roles/firebasemods.serviceAgent","members":["serviceAccount:service-204859518196@gcp-sa-firebasemods.iam.gserviceaccount.com"]},{"role":"roles/firebaserules.system","members":["serviceAccount:service-204859518196@firebase-rules.iam.gserviceaccount.com"]},{"role":"roles/firebasestorage.serviceAgent","members":["serviceAccount:service-204859518196@gcp-sa-firebasestorage.iam.gserviceaccount.com"]},{"role":"roles/firestore.serviceAgent","members":["serviceAccount:service-204859518196@gcp-sa-firestore.iam.gserviceaccount.com"]},{"role":"roles/iam.serviceAccountTokenCreator","members":["serviceAccount:firebase-adminsdk-fbsvc@ecosystem-hub.iam.gserviceaccount.com"]},{"role":"roles/iam.serviceAccountUser","members":["serviceAccount:204859518196@cloudbuild.gserviceaccount.com","serviceAccount:ecosystem-hub-backend@ecosystem-hub.iam.gserviceaccount.com","serviceAccount:firebase-adminsdk-fbsvc@ecosystem-hub.iam.gserviceaccount.com"]},{"role":"roles/logging.configWriter","members":["serviceAccount:204859518196@cloudbuild.gserviceaccount.com"]},{"role":"roles/logging.logWriter","members":["serviceAccount:204859518196-compute@developer.gserviceaccount.com"]},{"role":"roles/owner","members":["user:mkoton100@gmail.com"]},{"role":"roles/run.admin","members":["serviceAccount:204859518196@cloudbuild.gserviceaccount.com"]},{"role":"roles/run.serviceAgent","members":["serviceAccount:service-204859518196@serverless-robot-prod.iam.gserviceaccount.com"]},{"role":"roles/serviceusage.serviceUsageConsumer","members":["serviceAccount:firebase-adminsdk-fbsvc@ecosystem-hub.iam.gserviceaccount.com"]},{"role":"roles/storage.admin","members":["serviceAccount:204859518196-compute@developer.gserviceaccount.com","serviceAccount:204859518196@cloudbuild.gserviceaccount.com","serviceAccount:ecosystem-hub-backend@ecosystem-hub.iam.gserviceaccount.com","serviceAccount:firebase-adminsdk-fbsvc@ecosystem-hub.iam.gserviceaccount.com"]},{"role":"roles/storage.objectAdmin","members":["serviceAccount:ecosystem-hub-backend@ecosystem-hub.iam.gserviceaccount.com"]},{"role":"roles/viewer","members":["user:farrelk007@gmail.com"]}]}
[debug] [2026-03-10T15:12:28.707Z] No OAuth tokens found
[debug] [2026-03-10T15:12:28.707Z] >>> [apiv2][query] POST https://cloudresourcemanager.googleapis.com/v1/projects/ecosystem-hub:setIamPolicy [none]
[debug] [2026-03-10T15:12:28.707Z] >>> [apiv2][body] POST https://cloudresourcemanager.googleapis.com/v1/projects/ecosystem-hub:setIamPolicy {"policy":{"version":1,"etag":"BwZMQzJwE7s=","bindings":[{"role":"roles/accessapproval.viewer","members":["user:charleskramer2211@gmail.com"]},{"role":"roles/cloudaicompanion.serviceAgent","members":["serviceAccount:service-204859518196@gcp-sa-cloudaicompanion.iam.gserviceaccount.com"]},{"role":"roles/cloudbuild.builds.builder","members":["serviceAccount:204859518196@cloudbuild.gserviceaccount.com"]},{"role":"roles/cloudbuild.serviceAgent","members":["serviceAccount:service-204859518196@gcp-sa-cloudbuild.iam.gserviceaccount.com"]},{"role":"roles/containeranalysis.ServiceAgent","members":["serviceAccount:service-204859518196@container-analysis.iam.gserviceaccount.com"]},{"role":"roles/containerregistry.ServiceAgent","members":["serviceAccount:service-204859518196@containerregistry.iam.gserviceaccount.com"]},{"role":"roles/datastore.importExportAdmin","members":["serviceAccount:ecosystem-hub-backend@ecosystem-hub.iam.gserviceaccount.com"]},{"role":"roles/datastore.user","members":["serviceAccount:ecosystem-hub-backend@ecosystem-hub.iam.gserviceaccount.com"]},{"role":"roles/editor","members":["serviceAccount:204859518196@cloudservices.gserviceaccount.com"]},{"role":"roles/firebase.admin","members":["serviceAccount:204859518196-compute@developer.gserviceaccount.com","serviceAccount:204859518196@cloudbuild.gserviceaccount.com"]},{"role":"roles/firebase.managementServiceAgent","members":["serviceAccount:service-204859518196@gcp-sa-firebase.iam.gserviceaccount.com"]},{"role":"roles/firebase.sdkAdminServiceAgent","members":["serviceAccount:firebase-adminsdk-fbsvc@ecosystem-hub.iam.gserviceaccount.com","serviceAccount:firebase-app-hosting-compute@ecosystem-hub.iam.gserviceaccount.com"]},{"role":"roles/firebaseappcheck.admin","members":["serviceAccount:firebase-adminsdk-fbsvc@ecosystem-hub.iam.gserviceaccount.com"]},{"role":"roles/firebaseauth.admin","members":["serviceAccount:firebase-adminsdk-fbsvc@ecosystem-hub.iam.gserviceaccount.com"]},{"role":"roles/firebasedatabase.admin","members":["serviceAccount:firebase-adminsdk-fbsvc@ecosystem-hub.iam.gserviceaccount.com"]},{"role":"roles/firebasemods.serviceAgent","members":["serviceAccount:service-204859518196@gcp-sa-firebasemods.iam.gserviceaccount.com"]},{"role":"roles/firebaserules.system","members":["serviceAccount:service-204859518196@firebase-rules.iam.gserviceaccount.com"]},{"role":"roles/firebasestorage.serviceAgent","members":["serviceAccount:service-204859518196@gcp-sa-firebasestorage.iam.gserviceaccount.com"]},{"role":"roles/firestore.serviceAgent","members":["serviceAccount:service-204859518196@gcp-sa-firestore.iam.gserviceaccount.com"]},{"role":"roles/iam.serviceAccountTokenCreator","members":["serviceAccount:firebase-adminsdk-fbsvc@ecosystem-hub.iam.gserviceaccount.com"]},{"role":"roles/iam.serviceAccountUser","members":["serviceAccount:204859518196@cloudbuild.gserviceaccount.com","serviceAccount:ecosystem-hub-backend@ecosystem-hub.iam.gserviceaccount.com","serviceAccount:firebase-adminsdk-fbsvc@ecosystem-hub.iam.gserviceaccount.com"]},{"role":"roles/logging.configWriter","members":["serviceAccount:204859518196@cloudbuild.gserviceaccount.com"]},{"role":"roles/logging.logWriter","members":["serviceAccount:204859518196-compute@developer.gserviceaccount.com"]},{"role":"roles/owner","members":["user:mkoton100@gmail.com"]},{"role":"roles/run.admin","members":["serviceAccount:204859518196@cloudbuild.gserviceaccount.com"]},{"role":"roles/run.serviceAgent","members":["serviceAccount:service-204859518196@serverless-robot-prod.iam.gserviceaccount.com"]},{"role":"roles/serviceusage.serviceUsageConsumer","members":["serviceAccount:firebase-adminsdk-fbsvc@ecosystem-hub.iam.gserviceaccount.com"]},{"role":"roles/storage.admin","members":["serviceAccount:204859518196-compute@developer.gserviceaccount.com","serviceAccount:204859518196@cloudbuild.gserviceaccount.com","serviceAccount:ecosystem-hub-backend@ecosystem-hub.iam.gserviceaccount.com","serviceAccount:firebase-adminsdk-fbsvc@ecosystem-hub.iam.gserviceaccount.com"]},{"role":"roles/storage.objectAdmin","members":["serviceAccount:ecosystem-hub-backend@ecosystem-hub.iam.gserviceaccount.com"]},{"role":"roles/viewer","members":["user:farrelk007@gmail.com"]},{"role":"roles/firebaseapphosting.computeRunner","members":["serviceAccount:firebase-app-hosting-compute@ecosystem-hub.iam.gserviceaccount.com"]},{"role":"roles/developerconnect.readTokenAccessor","members":["serviceAccount:firebase-app-hosting-compute@ecosystem-hub.iam.gserviceaccount.com"]},{"role":"roles/storage.objectViewer","members":["serviceAccount:firebase-app-hosting-compute@ecosystem-hub.iam.gserviceaccount.com"]}]},"updateMask":"bindings"}
[debug] [2026-03-10T15:12:30.141Z] <<< [apiv2][status] POST https://cloudresourcemanager.googleapis.com/v1/projects/ecosystem-hub:setIamPolicy 200
[debug] [2026-03-10T15:12:30.142Z] <<< [apiv2][body] POST https://cloudresourcemanager.googleapis.com/v1/projects/ecosystem-hub:setIamPolicy {"version":1,"etag":"BwZMrPKxNZI=","bindings":[{"role":"roles/accessapproval.viewer","members":["user:charleskramer2211@gmail.com"]},{"role":"roles/cloudaicompanion.serviceAgent","members":["serviceAccount:service-204859518196@gcp-sa-cloudaicompanion.iam.gserviceaccount.com"]},{"role":"roles/cloudbuild.builds.builder","members":["serviceAccount:204859518196@cloudbuild.gserviceaccount.com"]},{"role":"roles/cloudbuild.serviceAgent","members":["serviceAccount:service-204859518196@gcp-sa-cloudbuild.iam.gserviceaccount.com"]},{"role":"roles/containeranalysis.ServiceAgent","members":["serviceAccount:service-204859518196@container-analysis.iam.gserviceaccount.com"]},{"role":"roles/containerregistry.ServiceAgent","members":["serviceAccount:service-204859518196@containerregistry.iam.gserviceaccount.com"]},{"role":"roles/datastore.importExportAdmin","members":["serviceAccount:ecosystem-hub-backend@ecosystem-hub.iam.gserviceaccount.com"]},{"role":"roles/datastore.user","members":["serviceAccount:ecosystem-hub-backend@ecosystem-hub.iam.gserviceaccount.com"]},{"role":"roles/developerconnect.readTokenAccessor","members":["serviceAccount:firebase-app-hosting-compute@ecosystem-hub.iam.gserviceaccount.com"]},{"role":"roles/editor","members":["serviceAccount:204859518196@cloudservices.gserviceaccount.com"]},{"role":"roles/firebase.admin","members":["serviceAccount:204859518196-compute@developer.gserviceaccount.com","serviceAccount:204859518196@cloudbuild.gserviceaccount.com"]},{"role":"roles/firebase.managementServiceAgent","members":["serviceAccount:service-204859518196@gcp-sa-firebase.iam.gserviceaccount.com"]},{"role":"roles/firebase.sdkAdminServiceAgent","members":["serviceAccount:firebase-adminsdk-fbsvc@ecosystem-hub.iam.gserviceaccount.com","serviceAccount:firebase-app-hosting-compute@ecosystem-hub.iam.gserviceaccount.com"]},{"role":"roles/firebaseappcheck.admin","members":["serviceAccount:firebase-adminsdk-fbsvc@ecosystem-hub.iam.gserviceaccount.com"]},{"role":"roles/firebaseapphosting.computeRunner","members":["serviceAccount:firebase-app-hosting-compute@ecosystem-hub.iam.gserviceaccount.com"]},{"role":"roles/firebaseauth.admin","members":["serviceAccount:firebase-adminsdk-fbsvc@ecosystem-hub.iam.gserviceaccount.com"]},{"role":"roles/firebasedatabase.admin","members":["serviceAccount:firebase-adminsdk-fbsvc@ecosystem-hub.iam.gserviceaccount.com"]},{"role":"roles/firebasemods.serviceAgent","members":["serviceAccount:service-204859518196@gcp-sa-firebasemods.iam.gserviceaccount.com"]},{"role":"roles/firebaserules.system","members":["serviceAccount:service-204859518196@firebase-rules.iam.gserviceaccount.com"]},{"role":"roles/firebasestorage.serviceAgent","members":["serviceAccount:service-204859518196@gcp-sa-firebasestorage.iam.gserviceaccount.com"]},{"role":"roles/firestore.serviceAgent","members":["serviceAccount:service-204859518196@gcp-sa-firestore.iam.gserviceaccount.com"]},{"role":"roles/iam.serviceAccountTokenCreator","members":["serviceAccount:firebase-adminsdk-fbsvc@ecosystem-hub.iam.gserviceaccount.com"]},{"role":"roles/iam.serviceAccountUser","members":["serviceAccount:204859518196@cloudbuild.gserviceaccount.com","serviceAccount:ecosystem-hub-backend@ecosystem-hub.iam.gserviceaccount.com","serviceAccount:firebase-adminsdk-fbsvc@ecosystem-hub.iam.gserviceaccount.com"]},{"role":"roles/logging.configWriter","members":["serviceAccount:204859518196@cloudbuild.gserviceaccount.com"]},{"role":"roles/logging.logWriter","members":["serviceAccount:204859518196-compute@developer.gserviceaccount.com"]},{"role":"roles/owner","members":["user:mkoton100@gmail.com"]},{"role":"roles/run.admin","members":["serviceAccount:204859518196@cloudbuild.gserviceaccount.com"]},{"role":"roles/run.serviceAgent","members":["serviceAccount:service-204859518196@serverless-robot-prod.iam.gserviceaccount.com"]},{"role":"roles/serviceusage.serviceUsageConsumer","members":["serviceAccount:firebase-adminsdk-fbsvc@ecosystem-hub.iam.gserviceaccount.com"]},{"role":"roles/storage.admin","members":["serviceAccount:204859518196-compute@developer.gserviceaccount.com","serviceAccount:204859518196@cloudbuild.gserviceaccount.com","serviceAccount:ecosystem-hub-backend@ecosystem-hub.iam.gserviceaccount.com","serviceAccount:firebase-adminsdk-fbsvc@ecosystem-hub.iam.gserviceaccount.com"]},{"role":"roles/storage.objectAdmin","members":["serviceAccount:ecosystem-hub-backend@ecosystem-hub.iam.gserviceaccount.com"]},{"role":"roles/storage.objectViewer","members":["serviceAccount:firebase-app-hosting-compute@ecosystem-hub.iam.gserviceaccount.com"]},{"role":"roles/viewer","members":["user:farrelk007@gmail.com"]}]}
[debug] [2026-03-10T15:12:30.143Z] No OAuth tokens found
[debug] [2026-03-10T15:12:30.143Z] >>> [apiv2][query] GET https://firebaseapphosting.googleapis.com/v1beta/projects/ecosystem-hub/locations/-/backends 
[debug] [2026-03-10T15:12:30.604Z] <<< [apiv2][status] GET https://firebaseapphosting.googleapis.com/v1beta/projects/ecosystem-hub/locations/-/backends 200
[debug] [2026-03-10T15:12:30.604Z] <<< [apiv2][body] GET https://firebaseapphosting.googleapis.com/v1beta/projects/ecosystem-hub/locations/-/backends {}
[debug] [2026-03-10T15:12:49.514Z] TypeError: Cannot read properties of undefined (reading 'name')
    at /nix/store/gm9mcvzb17vv8cla08khrg29vxn3sq4r-firebase-tools-15.1.0/lib/node_modules/firebase-tools/node_modules/@inquirer/checkbox/dist/commonjs/index.js:51:29
    at Array.map (<anonymous>)
    at normalizeChoices (/nix/store/gm9mcvzb17vv8cla08khrg29vxn3sq4r-firebase-tools-15.1.0/lib/node_modules/firebase-tools/node_modules/@inquirer/checkbox/dist/commonjs/index.js:39:20)
    at /nix/store/gm9mcvzb17vv8cla08khrg29vxn3sq4r-firebase-tools-15.1.0/lib/node_modules/firebase-tools/node_modules/@inquirer/checkbox/dist/commonjs/index.js:69:52
    at /nix/store/gm9mcvzb17vv8cla08khrg29vxn3sq4r-firebase-tools-15.1.0/lib/node_modules/firebase-tools/node_modules/@inquirer/core/dist/commonjs/lib/create-prompt.js:113:38
    at store.handleChange (/nix/store/gm9mcvzb17vv8cla08khrg29vxn3sq4r-firebase-tools-15.1.0/lib/node_modules/firebase-tools/node_modules/@inquirer/core/dist/commonjs/lib/hook-engine.js:31:17)
    at cycle (/nix/store/gm9mcvzb17vv8cla08khrg29vxn3sq4r-firebase-tools-15.1.0/lib/node_modules/firebase-tools/node_modules/@inquirer/core/dist/commonjs/lib/hook-engine.js:33:19)
    at /nix/store/gm9mcvzb17vv8cla08khrg29vxn3sq4r-firebase-tools-15.1.0/lib/node_modules/firebase-tools/node_modules/@inquirer/core/dist/commonjs/lib/create-prompt.js:111:13
    at /nix/store/gm9mcvzb17vv8cla08khrg29vxn3sq4r-firebase-tools-15.1.0/lib/node_modules/firebase-tools/node_modules/@inquirer/core/dist/commonjs/lib/hook-engine.js:35:16
    at AsyncLocalStorage.run (node:async_hooks:346:14)
[error] 
[error] Error: An unexpected error has occurred.
[debug] [2026-03-10T15:21:27.776Z] ----------------------------------------------------------------------
[debug] [2026-03-10T15:21:27.779Z] Command:       /nix/store/ws50yvm6vzlzf7jzz6n7xh4szddrack1-nodejs-20.19.1/bin/node /nix/store/gm9mcvzb17vv8cla08khrg29vxn3sq4r-firebase-tools-15.1.0/lib/node_modules/firebase-tools/lib/bin/firebase.js deploy --only apphosting
[debug] [2026-03-10T15:21:27.780Z] CLI Version:   15.1.0
[debug] [2026-03-10T15:21:27.780Z] Platform:      linux
[debug] [2026-03-10T15:21:27.780Z] Node Version:  v20.19.1
[debug] [2026-03-10T15:21:27.780Z] Time:          Tue Mar 10 2026 15:21:27 GMT+0000 (Coordinated Universal Time)
[debug] [2026-03-10T15:21:27.780Z] ----------------------------------------------------------------------
[debug] 
[debug] [2026-03-10T15:21:29.731Z] Object "/apphosting" in "firebase.json" is missing required property: {"missingProperty":"backendId"}
[debug] [2026-03-10T15:21:29.732Z] Field "/apphosting" in "firebase.json" is possibly invalid: must be array
[debug] [2026-03-10T15:21:29.732Z] Field "/apphosting" in "firebase.json" is possibly invalid: must match a schema in anyOf
[debug] [2026-03-10T15:21:29.735Z] No OAuth tokens found
[debug] [2026-03-10T15:21:29.735Z] No OAuth tokens found
[error] Failed to fetch Firebase Project from current Studio Workspace: Unable to refresh auth: not yet authenticated.
[debug] [2026-03-10T15:21:29.741Z] > command requires scopes: ["email","openid","https://www.googleapis.com/auth/cloudplatformprojects.readonly","https://www.googleapis.com/auth/firebase","https://www.googleapis.com/auth/cloud-platform","https://www.googleapis.com/auth/userinfo.email"]
[debug] [2026-03-10T15:21:29.741Z] > authorizing via signed-in user (mkoton100@gmail.com)
[debug] [2026-03-10T15:21:29.741Z] [iam] checking project ecosystem-hub for permissions ["firebase.projects.get",null]
[debug] [2026-03-10T15:21:29.742Z] No OAuth tokens found
[debug] [2026-03-10T15:21:29.742Z] No OAuth tokens found
[debug] [2026-03-10T15:21:29.743Z] > command requires scopes: ["email","openid","https://www.googleapis.com/auth/cloudplatformprojects.readonly","https://www.googleapis.com/auth/firebase","https://www.googleapis.com/auth/cloud-platform","https://www.googleapis.com/auth/userinfo.email"]
[debug] [2026-03-10T15:21:29.743Z] > authorizing via signed-in user (mkoton100@gmail.com)
[debug] [2026-03-10T15:21:29.744Z] >>> [apiv2][query] POST https://cloudresourcemanager.googleapis.com/v1/projects/ecosystem-hub:testIamPermissions [none]
[debug] [2026-03-10T15:21:29.744Z] >>> [apiv2][(partial)header] POST https://cloudresourcemanager.googleapis.com/v1/projects/ecosystem-hub:testIamPermissions x-goog-quota-user=projects/ecosystem-hub
[debug] [2026-03-10T15:21:29.745Z] >>> [apiv2][body] POST https://cloudresourcemanager.googleapis.com/v1/projects/ecosystem-hub:testIamPermissions {"permissions":["firebase.projects.get",null]}
[debug] [2026-03-10T15:21:30.648Z] <<< [apiv2][status] POST https://cloudresourcemanager.googleapis.com/v1/projects/ecosystem-hub:testIamPermissions 200
[debug] [2026-03-10T15:21:30.649Z] <<< [apiv2][body] POST https://cloudresourcemanager.googleapis.com/v1/projects/ecosystem-hub:testIamPermissions {"permissions":["firebase.projects.get"]}
[debug] [2026-03-10T15:21:30.649Z] [iam] error while checking permissions, command may fail: Authorization failed. This account is missing the following required permissions on project ecosystem-hub:

  
[info] 
[info] === Deploying to 'ecosystem-hub'...
[info] 
[info] i  deploying apphosting 
[debug] [2026-03-10T15:21:30.668Z] No OAuth tokens found
[debug] [2026-03-10T15:21:30.668Z] No OAuth tokens found
[debug] [2026-03-10T15:21:30.668Z] > command requires scopes: ["email","openid","https://www.googleapis.com/auth/cloudplatformprojects.readonly","https://www.googleapis.com/auth/firebase","https://www.googleapis.com/auth/cloud-platform","https://www.googleapis.com/auth/userinfo.email"]
[debug] [2026-03-10T15:21:30.668Z] > authorizing via signed-in user (mkoton100@gmail.com)
[debug] [2026-03-10T15:21:30.669Z] >>> [apiv2][query] POST https://iam.googleapis.com/v1/projects/ecosystem-hub/serviceAccounts/firebase-app-hosting-compute@ecosystem-hub.iam.gserviceaccount.com:testIamPermissions [none]
[debug] [2026-03-10T15:21:30.669Z] >>> [apiv2][(partial)header] POST https://iam.googleapis.com/v1/projects/ecosystem-hub/serviceAccounts/firebase-app-hosting-compute@ecosystem-hub.iam.gserviceaccount.com:testIamPermissions x-goog-quota-user=projects/ecosystem-hub
[debug] [2026-03-10T15:21:30.669Z] >>> [apiv2][body] POST https://iam.googleapis.com/v1/projects/ecosystem-hub/serviceAccounts/firebase-app-hosting-compute@ecosystem-hub.iam.gserviceaccount.com:testIamPermissions {"permissions":["iam.serviceAccounts.actAs"]}
[debug] [2026-03-10T15:21:31.621Z] <<< [apiv2][status] POST https://iam.googleapis.com/v1/projects/ecosystem-hub/serviceAccounts/firebase-app-hosting-compute@ecosystem-hub.iam.gserviceaccount.com:testIamPermissions 200
[debug] [2026-03-10T15:21:31.621Z] <<< [apiv2][body] POST https://iam.googleapis.com/v1/projects/ecosystem-hub/serviceAccounts/firebase-app-hosting-compute@ecosystem-hub.iam.gserviceaccount.com:testIamPermissions {"permissions":["iam.serviceAccounts.actAs"]}
[debug] [2026-03-10T15:21:31.622Z] No OAuth tokens found
[debug] [2026-03-10T15:21:31.624Z] No OAuth tokens found
[debug] [2026-03-10T15:21:31.624Z] > command requires scopes: ["email","openid","https://www.googleapis.com/auth/cloudplatformprojects.readonly","https://www.googleapis.com/auth/firebase","https://www.googleapis.com/auth/cloud-platform","https://www.googleapis.com/auth/userinfo.email"]
[debug] [2026-03-10T15:21:31.624Z] > authorizing via signed-in user (mkoton100@gmail.com)
[debug] [2026-03-10T15:21:31.625Z] >>> [apiv2][query] POST https://iam.googleapis.com/v1/projects/ecosystem-hub/serviceAccounts [none]
[debug] [2026-03-10T15:21:31.625Z] >>> [apiv2][body] POST https://iam.googleapis.com/v1/projects/ecosystem-hub/serviceAccounts {"accountId":"firebase-app-hosting-compute","serviceAccount":{"displayName":"Firebase App Hosting compute service account","description":"Default service account used to run builds and deploys for Firebase App Hosting"}}
[debug] [2026-03-10T15:21:32.644Z] <<< [apiv2][status] POST https://iam.googleapis.com/v1/projects/ecosystem-hub/serviceAccounts 409
[debug] [2026-03-10T15:21:32.644Z] <<< [apiv2][body] POST https://iam.googleapis.com/v1/projects/ecosystem-hub/serviceAccounts [omitted]
[debug] [2026-03-10T15:21:32.648Z] No OAuth tokens found
[debug] [2026-03-10T15:21:32.649Z] No OAuth tokens found
[debug] [2026-03-10T15:21:32.649Z] > command requires scopes: ["email","openid","https://www.googleapis.com/auth/cloudplatformprojects.readonly","https://www.googleapis.com/auth/firebase","https://www.googleapis.com/auth/cloud-platform","https://www.googleapis.com/auth/userinfo.email"]
[debug] [2026-03-10T15:21:32.649Z] > authorizing via signed-in user (mkoton100@gmail.com)
[debug] [2026-03-10T15:21:32.651Z] >>> [apiv2][query] POST https://cloudresourcemanager.googleapis.com/v1/projects/ecosystem-hub:getIamPolicy [none]
[debug] [2026-03-10T15:21:32.906Z] <<< [apiv2][status] POST https://cloudresourcemanager.googleapis.com/v1/projects/ecosystem-hub:getIamPolicy 200
[debug] [2026-03-10T15:21:32.906Z] <<< [apiv2][body] POST https://cloudresourcemanager.googleapis.com/v1/projects/ecosystem-hub:getIamPolicy {"version":1,"etag":"BwZMrPKxNZI=","bindings":[{"role":"roles/accessapproval.viewer","members":["user:charleskramer2211@gmail.com"]},{"role":"roles/cloudaicompanion.serviceAgent","members":["serviceAccount:service-204859518196@gcp-sa-cloudaicompanion.iam.gserviceaccount.com"]},{"role":"roles/cloudbuild.builds.builder","members":["serviceAccount:204859518196@cloudbuild.gserviceaccount.com"]},{"role":"roles/cloudbuild.serviceAgent","members":["serviceAccount:service-204859518196@gcp-sa-cloudbuild.iam.gserviceaccount.com"]},{"role":"roles/containeranalysis.ServiceAgent","members":["serviceAccount:service-204859518196@container-analysis.iam.gserviceaccount.com"]},{"role":"roles/containerregistry.ServiceAgent","members":["serviceAccount:service-204859518196@containerregistry.iam.gserviceaccount.com"]},{"role":"roles/datastore.importExportAdmin","members":["serviceAccount:ecosystem-hub-backend@ecosystem-hub.iam.gserviceaccount.com"]},{"role":"roles/datastore.user","members":["serviceAccount:ecosystem-hub-backend@ecosystem-hub.iam.gserviceaccount.com"]},{"role":"roles/developerconnect.readTokenAccessor","members":["serviceAccount:firebase-app-hosting-compute@ecosystem-hub.iam.gserviceaccount.com"]},{"role":"roles/editor","members":["serviceAccount:204859518196@cloudservices.gserviceaccount.com"]},{"role":"roles/firebase.admin","members":["serviceAccount:204859518196-compute@developer.gserviceaccount.com","serviceAccount:204859518196@cloudbuild.gserviceaccount.com"]},{"role":"roles/firebase.managementServiceAgent","members":["serviceAccount:service-204859518196@gcp-sa-firebase.iam.gserviceaccount.com"]},{"role":"roles/firebase.sdkAdminServiceAgent","members":["serviceAccount:firebase-adminsdk-fbsvc@ecosystem-hub.iam.gserviceaccount.com","serviceAccount:firebase-app-hosting-compute@ecosystem-hub.iam.gserviceaccount.com"]},{"role":"roles/firebaseappcheck.admin","members":["serviceAccount:firebase-adminsdk-fbsvc@ecosystem-hub.iam.gserviceaccount.com"]},{"role":"roles/firebaseapphosting.computeRunner","members":["serviceAccount:firebase-app-hosting-compute@ecosystem-hub.iam.gserviceaccount.com"]},{"role":"roles/firebaseauth.admin","members":["serviceAccount:firebase-adminsdk-fbsvc@ecosystem-hub.iam.gserviceaccount.com"]},{"role":"roles/firebasedatabase.admin","members":["serviceAccount:firebase-adminsdk-fbsvc@ecosystem-hub.iam.gserviceaccount.com"]},{"role":"roles/firebasemods.serviceAgent","members":["serviceAccount:service-204859518196@gcp-sa-firebasemods.iam.gserviceaccount.com"]},{"role":"roles/firebaserules.system","members":["serviceAccount:service-204859518196@firebase-rules.iam.gserviceaccount.com"]},{"role":"roles/firebasestorage.serviceAgent","members":["serviceAccount:service-204859518196@gcp-sa-firebasestorage.iam.gserviceaccount.com"]},{"role":"roles/firestore.serviceAgent","members":["serviceAccount:service-204859518196@gcp-sa-firestore.iam.gserviceaccount.com"]},{"role":"roles/iam.serviceAccountTokenCreator","members":["serviceAccount:firebase-adminsdk-fbsvc@ecosystem-hub.iam.gserviceaccount.com"]},{"role":"roles/iam.serviceAccountUser","members":["serviceAccount:204859518196@cloudbuild.gserviceaccount.com","serviceAccount:ecosystem-hub-backend@ecosystem-hub.iam.gserviceaccount.com","serviceAccount:firebase-adminsdk-fbsvc@ecosystem-hub.iam.gserviceaccount.com"]},{"role":"roles/logging.configWriter","members":["serviceAccount:204859518196@cloudbuild.gserviceaccount.com"]},{"role":"roles/logging.logWriter","members":["serviceAccount:204859518196-compute@developer.gserviceaccount.com"]},{"role":"roles/owner","members":["user:mkoton100@gmail.com"]},{"role":"roles/run.admin","members":["serviceAccount:204859518196@cloudbuild.gserviceaccount.com"]},{"role":"roles/run.serviceAgent","members":["serviceAccount:service-204859518196@serverless-robot-prod.iam.gserviceaccount.com"]},{"role":"roles/serviceusage.serviceUsageConsumer","members":["serviceAccount:firebase-adminsdk-fbsvc@ecosystem-hub.iam.gserviceaccount.com"]},{"role":"roles/storage.admin","members":["serviceAccount:204859518196-compute@developer.gserviceaccount.com","serviceAccount:204859518196@cloudbuild.gserviceaccount.com","serviceAccount:ecosystem-hub-backend@ecosystem-hub.iam.gserviceaccount.com","serviceAccount:firebase-adminsdk-fbsvc@ecosystem-hub.iam.gserviceaccount.com"]},{"role":"roles/storage.objectAdmin","members":["serviceAccount:ecosystem-hub-backend@ecosystem-hub.iam.gserviceaccount.com"]},{"role":"roles/storage.objectViewer","members":["serviceAccount:firebase-app-hosting-compute@ecosystem-hub.iam.gserviceaccount.com"]},{"role":"roles/viewer","members":["user:farrelk007@gmail.com"]}]}
[debug] [2026-03-10T15:21:32.910Z] No OAuth tokens found
[debug] [2026-03-10T15:21:32.910Z] No OAuth tokens found
[debug] [2026-03-10T15:21:32.910Z] > command requires scopes: ["email","openid","https://www.googleapis.com/auth/cloudplatformprojects.readonly","https://www.googleapis.com/auth/firebase","https://www.googleapis.com/auth/cloud-platform","https://www.googleapis.com/auth/userinfo.email"]
[debug] [2026-03-10T15:21:32.911Z] > authorizing via signed-in user (mkoton100@gmail.com)
[debug] [2026-03-10T15:21:32.911Z] >>> [apiv2][query] POST https://cloudresourcemanager.googleapis.com/v1/projects/ecosystem-hub:setIamPolicy [none]
[debug] [2026-03-10T15:21:32.911Z] >>> [apiv2][body] POST https://cloudresourcemanager.googleapis.com/v1/projects/ecosystem-hub:setIamPolicy {"policy":{"version":1,"etag":"BwZMrPKxNZI=","bindings":[{"role":"roles/accessapproval.viewer","members":["user:charleskramer2211@gmail.com"]},{"role":"roles/cloudaicompanion.serviceAgent","members":["serviceAccount:service-204859518196@gcp-sa-cloudaicompanion.iam.gserviceaccount.com"]},{"role":"roles/cloudbuild.builds.builder","members":["serviceAccount:204859518196@cloudbuild.gserviceaccount.com"]},{"role":"roles/cloudbuild.serviceAgent","members":["serviceAccount:service-204859518196@gcp-sa-cloudbuild.iam.gserviceaccount.com"]},{"role":"roles/containeranalysis.ServiceAgent","members":["serviceAccount:service-204859518196@container-analysis.iam.gserviceaccount.com"]},{"role":"roles/containerregistry.ServiceAgent","members":["serviceAccount:service-204859518196@containerregistry.iam.gserviceaccount.com"]},{"role":"roles/datastore.importExportAdmin","members":["serviceAccount:ecosystem-hub-backend@ecosystem-hub.iam.gserviceaccount.com"]},{"role":"roles/datastore.user","members":["serviceAccount:ecosystem-hub-backend@ecosystem-hub.iam.gserviceaccount.com"]},{"role":"roles/developerconnect.readTokenAccessor","members":["serviceAccount:firebase-app-hosting-compute@ecosystem-hub.iam.gserviceaccount.com"]},{"role":"roles/editor","members":["serviceAccount:204859518196@cloudservices.gserviceaccount.com"]},{"role":"roles/firebase.admin","members":["serviceAccount:204859518196-compute@developer.gserviceaccount.com","serviceAccount:204859518196@cloudbuild.gserviceaccount.com"]},{"role":"roles/firebase.managementServiceAgent","members":["serviceAccount:service-204859518196@gcp-sa-firebase.iam.gserviceaccount.com"]},{"role":"roles/firebase.sdkAdminServiceAgent","members":["serviceAccount:firebase-adminsdk-fbsvc@ecosystem-hub.iam.gserviceaccount.com","serviceAccount:firebase-app-hosting-compute@ecosystem-hub.iam.gserviceaccount.com"]},{"role":"roles/firebaseappcheck.admin","members":["serviceAccount:firebase-adminsdk-fbsvc@ecosystem-hub.iam.gserviceaccount.com"]},{"role":"roles/firebaseapphosting.computeRunner","members":["serviceAccount:firebase-app-hosting-compute@ecosystem-hub.iam.gserviceaccount.com"]},{"role":"roles/firebaseauth.admin","members":["serviceAccount:firebase-adminsdk-fbsvc@ecosystem-hub.iam.gserviceaccount.com"]},{"role":"roles/firebasedatabase.admin","members":["serviceAccount:firebase-adminsdk-fbsvc@ecosystem-hub.iam.gserviceaccount.com"]},{"role":"roles/firebasemods.serviceAgent","members":["serviceAccount:service-204859518196@gcp-sa-firebasemods.iam.gserviceaccount.com"]},{"role":"roles/firebaserules.system","members":["serviceAccount:service-204859518196@firebase-rules.iam.gserviceaccount.com"]},{"role":"roles/firebasestorage.serviceAgent","members":["serviceAccount:service-204859518196@gcp-sa-firebasestorage.iam.gserviceaccount.com"]},{"role":"roles/firestore.serviceAgent","members":["serviceAccount:service-204859518196@gcp-sa-firestore.iam.gserviceaccount.com"]},{"role":"roles/iam.serviceAccountTokenCreator","members":["serviceAccount:firebase-adminsdk-fbsvc@ecosystem-hub.iam.gserviceaccount.com"]},{"role":"roles/iam.serviceAccountUser","members":["serviceAccount:204859518196@cloudbuild.gserviceaccount.com","serviceAccount:ecosystem-hub-backend@ecosystem-hub.iam.gserviceaccount.com","serviceAccount:firebase-adminsdk-fbsvc@ecosystem-hub.iam.gserviceaccount.com"]},{"role":"roles/logging.configWriter","members":["serviceAccount:204859518196@cloudbuild.gserviceaccount.com"]},{"role":"roles/logging.logWriter","members":["serviceAccount:204859518196-compute@developer.gserviceaccount.com"]},{"role":"roles/owner","members":["user:mkoton100@gmail.com"]},{"role":"roles/run.admin","members":["serviceAccount:204859518196@cloudbuild.gserviceaccount.com"]},{"role":"roles/run.serviceAgent","members":["serviceAccount:service-204859518196@serverless-robot-prod.iam.gserviceaccount.com"]},{"role":"roles/serviceusage.serviceUsageConsumer","members":["serviceAccount:firebase-adminsdk-fbsvc@ecosystem-hub.iam.gserviceaccount.com"]},{"role":"roles/storage.admin","members":["serviceAccount:204859518196-compute@developer.gserviceaccount.com","serviceAccount:204859518196@cloudbuild.gserviceaccount.com","serviceAccount:ecosystem-hub-backend@ecosystem-hub.iam.gserviceaccount.com","serviceAccount:firebase-adminsdk-fbsvc@ecosystem-hub.iam.gserviceaccount.com"]},{"role":"roles/storage.objectAdmin","members":["serviceAccount:ecosystem-hub-backend@ecosystem-hub.iam.gserviceaccount.com"]},{"role":"roles/storage.objectViewer","members":["serviceAccount:firebase-app-hosting-compute@ecosystem-hub.iam.gserviceaccount.com"]},{"role":"roles/viewer","members":["user:farrelk007@gmail.com"]}]},"updateMask":"bindings"}
[debug] [2026-03-10T15:21:34.234Z] <<< [apiv2][status] POST https://cloudresourcemanager.googleapis.com/v1/projects/ecosystem-hub:setIamPolicy 200
[debug] [2026-03-10T15:21:34.234Z] <<< [apiv2][body] POST https://cloudresourcemanager.googleapis.com/v1/projects/ecosystem-hub:setIamPolicy {"version":1,"etag":"BwZMrRMfVJs=","bindings":[{"role":"roles/accessapproval.viewer","members":["user:charleskramer2211@gmail.com"]},{"role":"roles/cloudaicompanion.serviceAgent","members":["serviceAccount:service-204859518196@gcp-sa-cloudaicompanion.iam.gserviceaccount.com"]},{"role":"roles/cloudbuild.builds.builder","members":["serviceAccount:204859518196@cloudbuild.gserviceaccount.com"]},{"role":"roles/cloudbuild.serviceAgent","members":["serviceAccount:service-204859518196@gcp-sa-cloudbuild.iam.gserviceaccount.com"]},{"role":"roles/containeranalysis.ServiceAgent","members":["serviceAccount:service-204859518196@container-analysis.iam.gserviceaccount.com"]},{"role":"roles/containerregistry.ServiceAgent","members":["serviceAccount:service-204859518196@containerregistry.iam.gserviceaccount.com"]},{"role":"roles/datastore.importExportAdmin","members":["serviceAccount:ecosystem-hub-backend@ecosystem-hub.iam.gserviceaccount.com"]},{"role":"roles/datastore.user","members":["serviceAccount:ecosystem-hub-backend@ecosystem-hub.iam.gserviceaccount.com"]},{"role":"roles/developerconnect.readTokenAccessor","members":["serviceAccount:firebase-app-hosting-compute@ecosystem-hub.iam.gserviceaccount.com"]},{"role":"roles/editor","members":["serviceAccount:204859518196@cloudservices.gserviceaccount.com"]},{"role":"roles/firebase.admin","members":["serviceAccount:204859518196-compute@developer.gserviceaccount.com","serviceAccount:204859518196@cloudbuild.gserviceaccount.com"]},{"role":"roles/firebase.managementServiceAgent","members":["serviceAccount:service-204859518196@gcp-sa-firebase.iam.gserviceaccount.com"]},{"role":"roles/firebase.sdkAdminServiceAgent","members":["serviceAccount:firebase-adminsdk-fbsvc@ecosystem-hub.iam.gserviceaccount.com","serviceAccount:firebase-app-hosting-compute@ecosystem-hub.iam.gserviceaccount.com"]},{"role":"roles/firebaseappcheck.admin","members":["serviceAccount:firebase-adminsdk-fbsvc@ecosystem-hub.iam.gserviceaccount.com"]},{"role":"roles/firebaseapphosting.computeRunner","members":["serviceAccount:firebase-app-hosting-compute@ecosystem-hub.iam.gserviceaccount.com"]},{"role":"roles/firebaseauth.admin","members":["serviceAccount:firebase-adminsdk-fbsvc@ecosystem-hub.iam.gserviceaccount.com"]},{"role":"roles/firebasedatabase.admin","members":["serviceAccount:firebase-adminsdk-fbsvc@ecosystem-hub.iam.gserviceaccount.com"]},{"role":"roles/firebasemods.serviceAgent","members":["serviceAccount:service-204859518196@gcp-sa-firebasemods.iam.gserviceaccount.com"]},{"role":"roles/firebaserules.system","members":["serviceAccount:service-204859518196@firebase-rules.iam.gserviceaccount.com"]},{"role":"roles/firebasestorage.serviceAgent","members":["serviceAccount:service-204859518196@gcp-sa-firebasestorage.iam.gserviceaccount.com"]},{"role":"roles/firestore.serviceAgent","members":["serviceAccount:service-204859518196@gcp-sa-firestore.iam.gserviceaccount.com"]},{"role":"roles/iam.serviceAccountTokenCreator","members":["serviceAccount:firebase-adminsdk-fbsvc@ecosystem-hub.iam.gserviceaccount.com"]},{"role":"roles/iam.serviceAccountUser","members":["serviceAccount:204859518196@cloudbuild.gserviceaccount.com","serviceAccount:ecosystem-hub-backend@ecosystem-hub.iam.gserviceaccount.com","serviceAccount:firebase-adminsdk-fbsvc@ecosystem-hub.iam.gserviceaccount.com"]},{"role":"roles/logging.configWriter","members":["serviceAccount:204859518196@cloudbuild.gserviceaccount.com"]},{"role":"roles/logging.logWriter","members":["serviceAccount:204859518196-compute@developer.gserviceaccount.com"]},{"role":"roles/owner","members":["user:mkoton100@gmail.com"]},{"role":"roles/run.admin","members":["serviceAccount:204859518196@cloudbuild.gserviceaccount.com"]},{"role":"roles/run.serviceAgent","members":["serviceAccount:service-204859518196@serverless-robot-prod.iam.gserviceaccount.com"]},{"role":"roles/serviceusage.serviceUsageConsumer","members":["serviceAccount:firebase-adminsdk-fbsvc@ecosystem-hub.iam.gserviceaccount.com"]},{"role":"roles/storage.admin","members":["serviceAccount:204859518196-compute@developer.gserviceaccount.com","serviceAccount:204859518196@cloudbuild.gserviceaccount.com","serviceAccount:ecosystem-hub-backend@ecosystem-hub.iam.gserviceaccount.com","serviceAccount:firebase-adminsdk-fbsvc@ecosystem-hub.iam.gserviceaccount.com"]},{"role":"roles/storage.objectAdmin","members":["serviceAccount:ecosystem-hub-backend@ecosystem-hub.iam.gserviceaccount.com"]},{"role":"roles/storage.objectViewer","members":["serviceAccount:firebase-app-hosting-compute@ecosystem-hub.iam.gserviceaccount.com"]},{"role":"roles/viewer","members":["user:farrelk007@gmail.com"]}]}
[debug] [2026-03-10T15:21:34.235Z] No OAuth tokens found
[debug] [2026-03-10T15:21:34.237Z] No OAuth tokens found
[debug] [2026-03-10T15:21:34.238Z] > command requires scopes: ["email","openid","https://www.googleapis.com/auth/cloudplatformprojects.readonly","https://www.googleapis.com/auth/firebase","https://www.googleapis.com/auth/cloud-platform","https://www.googleapis.com/auth/userinfo.email"]
[debug] [2026-03-10T15:21:34.238Z] > authorizing via signed-in user (mkoton100@gmail.com)
[debug] [2026-03-10T15:21:34.239Z] >>> [apiv2][query] GET https://firebaseapphosting.googleapis.com/v1beta/projects/ecosystem-hub/locations/-/backends 
[debug] [2026-03-10T15:21:34.681Z] <<< [apiv2][status] GET https://firebaseapphosting.googleapis.com/v1beta/projects/ecosystem-hub/locations/-/backends 200
[debug] [2026-03-10T15:21:34.681Z] <<< [apiv2][body] GET https://firebaseapphosting.googleapis.com/v1beta/projects/ecosystem-hub/locations/-/backends {}
[debug] [2026-03-10T15:21:40.962Z] TypeError: Cannot read properties of undefined (reading 'name')
    at /nix/store/gm9mcvzb17vv8cla08khrg29vxn3sq4r-firebase-tools-15.1.0/lib/node_modules/firebase-tools/node_modules/@inquirer/checkbox/dist/commonjs/index.js:51:29
    at Array.map (<anonymous>)
    at normalizeChoices (/nix/store/gm9mcvzb17vv8cla08khrg29vxn3sq4r-firebase-tools-15.1.0/lib/node_modules/firebase-tools/node_modules/@inquirer/checkbox/dist/commonjs/index.js:39:20)
    at /nix/store/gm9mcvzb17vv8cla08khrg29vxn3sq4r-firebase-tools-15.1.0/lib/node_modules/firebase-tools/node_modules/@inquirer/checkbox/dist/commonjs/index.js:69:52
    at /nix/store/gm9mcvzb17vv8cla08khrg29vxn3sq4r-firebase-tools-15.1.0/lib/node_modules/firebase-tools/node_modules/@inquirer/core/dist/commonjs/lib/create-prompt.js:113:38
    at store.handleChange (/nix/store/gm9mcvzb17vv8cla08khrg29vxn3sq4r-firebase-tools-15.1.0/lib/node_modules/firebase-tools/node_modules/@inquirer/core/dist/commonjs/lib/hook-engine.js:31:17)
    at cycle (/nix/store/gm9mcvzb17vv8cla08khrg29vxn3sq4r-firebase-tools-15.1.0/lib/node_modules/firebase-tools/node_modules/@inquirer/core/dist/commonjs/lib/hook-engine.js:33:19)
    at /nix/store/gm9mcvzb17vv8cla08khrg29vxn3sq4r-firebase-tools-15.1.0/lib/node_modules/firebase-tools/node_modules/@inquirer/core/dist/commonjs/lib/create-prompt.js:111:13
    at /nix/store/gm9mcvzb17vv8cla08khrg29vxn3sq4r-firebase-tools-15.1.0/lib/node_modules/firebase-tools/node_modules/@inquirer/core/dist/commonjs/lib/hook-engine.js:35:16
    at AsyncLocalStorage.run (node:async_hooks:346:14)
[error] 
[error] Error: An unexpected error has occurred.
[debug] [2026-03-10T15:25:23.819Z] ----------------------------------------------------------------------
[debug] [2026-03-10T15:25:23.822Z] Command:       /nix/store/ws50yvm6vzlzf7jzz6n7xh4szddrack1-nodejs-20.19.1/bin/node /nix/store/gm9mcvzb17vv8cla08khrg29vxn3sq4r-firebase-tools-15.1.0/lib/node_modules/firebase-tools/lib/bin/firebase.js deploy --only apphosting
[debug] [2026-03-10T15:25:23.823Z] CLI Version:   15.1.0
[debug] [2026-03-10T15:25:23.823Z] Platform:      linux
[debug] [2026-03-10T15:25:23.823Z] Node Version:  v20.19.1
[debug] [2026-03-10T15:25:23.824Z] Time:          Tue Mar 10 2026 15:25:23 GMT+0000 (Coordinated Universal Time)
[debug] [2026-03-10T15:25:23.824Z] ----------------------------------------------------------------------
[debug] 
[debug] [2026-03-10T15:25:25.564Z] Object "/apphosting" in "firebase.json" is missing required property: {"missingProperty":"backendId"}
[debug] [2026-03-10T15:25:25.564Z] Field "/apphosting" in "firebase.json" is possibly invalid: must be array
[debug] [2026-03-10T15:25:25.564Z] Field "/apphosting" in "firebase.json" is possibly invalid: must match a schema in anyOf
[debug] [2026-03-10T15:25:25.567Z] No OAuth tokens found
[debug] [2026-03-10T15:25:25.568Z] No OAuth tokens found
[error] Failed to fetch Firebase Project from current Studio Workspace: Unable to refresh auth: not yet authenticated.
[debug] [2026-03-10T15:25:25.572Z] > command requires scopes: ["email","openid","https://www.googleapis.com/auth/cloudplatformprojects.readonly","https://www.googleapis.com/auth/firebase","https://www.googleapis.com/auth/cloud-platform","https://www.googleapis.com/auth/userinfo.email"]
[debug] [2026-03-10T15:25:25.572Z] > authorizing via signed-in user (mkoton100@gmail.com)
[debug] [2026-03-10T15:25:25.573Z] [iam] checking project ecosystem-hub for permissions ["firebase.projects.get",null]
[debug] [2026-03-10T15:25:25.573Z] No OAuth tokens found
[debug] [2026-03-10T15:25:25.574Z] No OAuth tokens found
[debug] [2026-03-10T15:25:25.574Z] > command requires scopes: ["email","openid","https://www.googleapis.com/auth/cloudplatformprojects.readonly","https://www.googleapis.com/auth/firebase","https://www.googleapis.com/auth/cloud-platform","https://www.googleapis.com/auth/userinfo.email"]
[debug] [2026-03-10T15:25:25.574Z] > authorizing via signed-in user (mkoton100@gmail.com)
[debug] [2026-03-10T15:25:25.575Z] >>> [apiv2][query] POST https://cloudresourcemanager.googleapis.com/v1/projects/ecosystem-hub:testIamPermissions [none]
[debug] [2026-03-10T15:25:25.575Z] >>> [apiv2][(partial)header] POST https://cloudresourcemanager.googleapis.com/v1/projects/ecosystem-hub:testIamPermissions x-goog-quota-user=projects/ecosystem-hub
[debug] [2026-03-10T15:25:25.575Z] >>> [apiv2][body] POST https://cloudresourcemanager.googleapis.com/v1/projects/ecosystem-hub:testIamPermissions {"permissions":["firebase.projects.get",null]}
[debug] [2026-03-10T15:25:26.469Z] <<< [apiv2][status] POST https://cloudresourcemanager.googleapis.com/v1/projects/ecosystem-hub:testIamPermissions 200
[debug] [2026-03-10T15:25:26.469Z] <<< [apiv2][body] POST https://cloudresourcemanager.googleapis.com/v1/projects/ecosystem-hub:testIamPermissions {"permissions":["firebase.projects.get"]}
[debug] [2026-03-10T15:25:26.470Z] [iam] error while checking permissions, command may fail: Authorization failed. This account is missing the following required permissions on project ecosystem-hub:

  
[info] 
[info] === Deploying to 'ecosystem-hub'...
[info] 
[info] i  deploying apphosting 
[debug] [2026-03-10T15:25:26.479Z] No OAuth tokens found
[debug] [2026-03-10T15:25:26.481Z] No OAuth tokens found
[debug] [2026-03-10T15:25:26.482Z] > command requires scopes: ["email","openid","https://www.googleapis.com/auth/cloudplatformprojects.readonly","https://www.googleapis.com/auth/firebase","https://www.googleapis.com/auth/cloud-platform","https://www.googleapis.com/auth/userinfo.email"]
[debug] [2026-03-10T15:25:26.482Z] > authorizing via signed-in user (mkoton100@gmail.com)
[debug] [2026-03-10T15:25:26.482Z] >>> [apiv2][query] POST https://iam.googleapis.com/v1/projects/ecosystem-hub/serviceAccounts/firebase-app-hosting-compute@ecosystem-hub.iam.gserviceaccount.com:testIamPermissions [none]
[debug] [2026-03-10T15:25:26.482Z] >>> [apiv2][(partial)header] POST https://iam.googleapis.com/v1/projects/ecosystem-hub/serviceAccounts/firebase-app-hosting-compute@ecosystem-hub.iam.gserviceaccount.com:testIamPermissions x-goog-quota-user=projects/ecosystem-hub
[debug] [2026-03-10T15:25:26.482Z] >>> [apiv2][body] POST https://iam.googleapis.com/v1/projects/ecosystem-hub/serviceAccounts/firebase-app-hosting-compute@ecosystem-hub.iam.gserviceaccount.com:testIamPermissions {"permissions":["iam.serviceAccounts.actAs"]}
[debug] [2026-03-10T15:25:27.538Z] <<< [apiv2][status] POST https://iam.googleapis.com/v1/projects/ecosystem-hub/serviceAccounts/firebase-app-hosting-compute@ecosystem-hub.iam.gserviceaccount.com:testIamPermissions 200
[debug] [2026-03-10T15:25:27.538Z] <<< [apiv2][body] POST https://iam.googleapis.com/v1/projects/ecosystem-hub/serviceAccounts/firebase-app-hosting-compute@ecosystem-hub.iam.gserviceaccount.com:testIamPermissions {"permissions":["iam.serviceAccounts.actAs"]}
[debug] [2026-03-10T15:25:27.539Z] No OAuth tokens found
[debug] [2026-03-10T15:25:27.540Z] No OAuth tokens found
[debug] [2026-03-10T15:25:27.540Z] > command requires scopes: ["email","openid","https://www.googleapis.com/auth/cloudplatformprojects.readonly","https://www.googleapis.com/auth/firebase","https://www.googleapis.com/auth/cloud-platform","https://www.googleapis.com/auth/userinfo.email"]
[debug] [2026-03-10T15:25:27.540Z] > authorizing via signed-in user (mkoton100@gmail.com)
[debug] [2026-03-10T15:25:27.540Z] >>> [apiv2][query] POST https://iam.googleapis.com/v1/projects/ecosystem-hub/serviceAccounts [none]
[debug] [2026-03-10T15:25:27.540Z] >>> [apiv2][body] POST https://iam.googleapis.com/v1/projects/ecosystem-hub/serviceAccounts {"accountId":"firebase-app-hosting-compute","serviceAccount":{"displayName":"Firebase App Hosting compute service account","description":"Default service account used to run builds and deploys for Firebase App Hosting"}}
[debug] [2026-03-10T15:25:27.895Z] <<< [apiv2][status] POST https://iam.googleapis.com/v1/projects/ecosystem-hub/serviceAccounts 409
[debug] [2026-03-10T15:25:27.895Z] <<< [apiv2][body] POST https://iam.googleapis.com/v1/projects/ecosystem-hub/serviceAccounts [omitted]
[debug] [2026-03-10T15:25:27.897Z] No OAuth tokens found
[debug] [2026-03-10T15:25:27.898Z] No OAuth tokens found
[debug] [2026-03-10T15:25:27.898Z] > command requires scopes: ["email","openid","https://www.googleapis.com/auth/cloudplatformprojects.readonly","https://www.googleapis.com/auth/firebase","https://www.googleapis.com/auth/cloud-platform","https://www.googleapis.com/auth/userinfo.email"]
[debug] [2026-03-10T15:25:27.898Z] > authorizing via signed-in user (mkoton100@gmail.com)
[debug] [2026-03-10T15:25:27.898Z] >>> [apiv2][query] POST https://cloudresourcemanager.googleapis.com/v1/projects/ecosystem-hub:getIamPolicy [none]
[debug] [2026-03-10T15:25:28.207Z] <<< [apiv2][status] POST https://cloudresourcemanager.googleapis.com/v1/projects/ecosystem-hub:getIamPolicy 200
[debug] [2026-03-10T15:25:28.207Z] <<< [apiv2][body] POST https://cloudresourcemanager.googleapis.com/v1/projects/ecosystem-hub:getIamPolicy {"version":1,"etag":"BwZMrRMfVJs=","bindings":[{"role":"roles/accessapproval.viewer","members":["user:charleskramer2211@gmail.com"]},{"role":"roles/cloudaicompanion.serviceAgent","members":["serviceAccount:service-204859518196@gcp-sa-cloudaicompanion.iam.gserviceaccount.com"]},{"role":"roles/cloudbuild.builds.builder","members":["serviceAccount:204859518196@cloudbuild.gserviceaccount.com"]},{"role":"roles/cloudbuild.serviceAgent","members":["serviceAccount:service-204859518196@gcp-sa-cloudbuild.iam.gserviceaccount.com"]},{"role":"roles/containeranalysis.ServiceAgent","members":["serviceAccount:service-204859518196@container-analysis.iam.gserviceaccount.com"]},{"role":"roles/containerregistry.ServiceAgent","members":["serviceAccount:service-204859518196@containerregistry.iam.gserviceaccount.com"]},{"role":"roles/datastore.importExportAdmin","members":["serviceAccount:ecosystem-hub-backend@ecosystem-hub.iam.gserviceaccount.com"]},{"role":"roles/datastore.user","members":["serviceAccount:ecosystem-hub-backend@ecosystem-hub.iam.gserviceaccount.com"]},{"role":"roles/developerconnect.readTokenAccessor","members":["serviceAccount:firebase-app-hosting-compute@ecosystem-hub.iam.gserviceaccount.com"]},{"role":"roles/editor","members":["serviceAccount:204859518196@cloudservices.gserviceaccount.com"]},{"role":"roles/firebase.admin","members":["serviceAccount:204859518196-compute@developer.gserviceaccount.com","serviceAccount:204859518196@cloudbuild.gserviceaccount.com"]},{"role":"roles/firebase.managementServiceAgent","members":["serviceAccount:service-204859518196@gcp-sa-firebase.iam.gserviceaccount.com"]},{"role":"roles/firebase.sdkAdminServiceAgent","members":["serviceAccount:firebase-adminsdk-fbsvc@ecosystem-hub.iam.gserviceaccount.com","serviceAccount:firebase-app-hosting-compute@ecosystem-hub.iam.gserviceaccount.com"]},{"role":"roles/firebaseappcheck.admin","members":["serviceAccount:firebase-adminsdk-fbsvc@ecosystem-hub.iam.gserviceaccount.com"]},{"role":"roles/firebaseapphosting.computeRunner","members":["serviceAccount:firebase-app-hosting-compute@ecosystem-hub.iam.gserviceaccount.com"]},{"role":"roles/firebaseauth.admin","members":["serviceAccount:firebase-adminsdk-fbsvc@ecosystem-hub.iam.gserviceaccount.com"]},{"role":"roles/firebasedatabase.admin","members":["serviceAccount:firebase-adminsdk-fbsvc@ecosystem-hub.iam.gserviceaccount.com"]},{"role":"roles/firebasemods.serviceAgent","members":["serviceAccount:service-204859518196@gcp-sa-firebasemods.iam.gserviceaccount.com"]},{"role":"roles/firebaserules.system","members":["serviceAccount:service-204859518196@firebase-rules.iam.gserviceaccount.com"]},{"role":"roles/firebasestorage.serviceAgent","members":["serviceAccount:service-204859518196@gcp-sa-firebasestorage.iam.gserviceaccount.com"]},{"role":"roles/firestore.serviceAgent","members":["serviceAccount:service-204859518196@gcp-sa-firestore.iam.gserviceaccount.com"]},{"role":"roles/iam.serviceAccountTokenCreator","members":["serviceAccount:firebase-adminsdk-fbsvc@ecosystem-hub.iam.gserviceaccount.com"]},{"role":"roles/iam.serviceAccountUser","members":["serviceAccount:204859518196@cloudbuild.gserviceaccount.com","serviceAccount:ecosystem-hub-backend@ecosystem-hub.iam.gserviceaccount.com","serviceAccount:firebase-adminsdk-fbsvc@ecosystem-hub.iam.gserviceaccount.com"]},{"role":"roles/logging.configWriter","members":["serviceAccount:204859518196@cloudbuild.gserviceaccount.com"]},{"role":"roles/logging.logWriter","members":["serviceAccount:204859518196-compute@developer.gserviceaccount.com"]},{"role":"roles/owner","members":["user:mkoton100@gmail.com"]},{"role":"roles/run.admin","members":["serviceAccount:204859518196@cloudbuild.gserviceaccount.com"]},{"role":"roles/run.serviceAgent","members":["serviceAccount:service-204859518196@serverless-robot-prod.iam.gserviceaccount.com"]},{"role":"roles/serviceusage.serviceUsageConsumer","members":["serviceAccount:firebase-adminsdk-fbsvc@ecosystem-hub.iam.gserviceaccount.com"]},{"role":"roles/storage.admin","members":["serviceAccount:204859518196-compute@developer.gserviceaccount.com","serviceAccount:204859518196@cloudbuild.gserviceaccount.com","serviceAccount:ecosystem-hub-backend@ecosystem-hub.iam.gserviceaccount.com","serviceAccount:firebase-adminsdk-fbsvc@ecosystem-hub.iam.gserviceaccount.com"]},{"role":"roles/storage.objectAdmin","members":["serviceAccount:ecosystem-hub-backend@ecosystem-hub.iam.gserviceaccount.com"]},{"role":"roles/storage.objectViewer","members":["serviceAccount:firebase-app-hosting-compute@ecosystem-hub.iam.gserviceaccount.com"]},{"role":"roles/viewer","members":["user:farrelk007@gmail.com"]}]}
[debug] [2026-03-10T15:25:28.209Z] No OAuth tokens found
[debug] [2026-03-10T15:25:28.209Z] No OAuth tokens found
[debug] [2026-03-10T15:25:28.209Z] > command requires scopes: ["email","openid","https://www.googleapis.com/auth/cloudplatformprojects.readonly","https://www.googleapis.com/auth/firebase","https://www.googleapis.com/auth/cloud-platform","https://www.googleapis.com/auth/userinfo.email"]
[debug] [2026-03-10T15:25:28.209Z] > authorizing via signed-in user (mkoton100@gmail.com)
[debug] [2026-03-10T15:25:28.210Z] >>> [apiv2][query] POST https://cloudresourcemanager.googleapis.com/v1/projects/ecosystem-hub:setIamPolicy [none]
[debug] [2026-03-10T15:25:28.210Z] >>> [apiv2][body] POST https://cloudresourcemanager.googleapis.com/v1/projects/ecosystem-hub:setIamPolicy {"policy":{"version":1,"etag":"BwZMrRMfVJs=","bindings":[{"role":"roles/accessapproval.viewer","members":["user:charleskramer2211@gmail.com"]},{"role":"roles/cloudaicompanion.serviceAgent","members":["serviceAccount:service-204859518196@gcp-sa-cloudaicompanion.iam.gserviceaccount.com"]},{"role":"roles/cloudbuild.builds.builder","members":["serviceAccount:204859518196@cloudbuild.gserviceaccount.com"]},{"role":"roles/cloudbuild.serviceAgent","members":["serviceAccount:service-204859518196@gcp-sa-cloudbuild.iam.gserviceaccount.com"]},{"role":"roles/containeranalysis.ServiceAgent","members":["serviceAccount:service-204859518196@container-analysis.iam.gserviceaccount.com"]},{"role":"roles/containerregistry.ServiceAgent","members":["serviceAccount:service-204859518196@containerregistry.iam.gserviceaccount.com"]},{"role":"roles/datastore.importExportAdmin","members":["serviceAccount:ecosystem-hub-backend@ecosystem-hub.iam.gserviceaccount.com"]},{"role":"roles/datastore.user","members":["serviceAccount:ecosystem-hub-backend@ecosystem-hub.iam.gserviceaccount.com"]},{"role":"roles/developerconnect.readTokenAccessor","members":["serviceAccount:firebase-app-hosting-compute@ecosystem-hub.iam.gserviceaccount.com"]},{"role":"roles/editor","members":["serviceAccount:204859518196@cloudservices.gserviceaccount.com"]},{"role":"roles/firebase.admin","members":["serviceAccount:204859518196-compute@developer.gserviceaccount.com","serviceAccount:204859518196@cloudbuild.gserviceaccount.com"]},{"role":"roles/firebase.managementServiceAgent","members":["serviceAccount:service-204859518196@gcp-sa-firebase.iam.gserviceaccount.com"]},{"role":"roles/firebase.sdkAdminServiceAgent","members":["serviceAccount:firebase-adminsdk-fbsvc@ecosystem-hub.iam.gserviceaccount.com","serviceAccount:firebase-app-hosting-compute@ecosystem-hub.iam.gserviceaccount.com"]},{"role":"roles/firebaseappcheck.admin","members":["serviceAccount:firebase-adminsdk-fbsvc@ecosystem-hub.iam.gserviceaccount.com"]},{"role":"roles/firebaseapphosting.computeRunner","members":["serviceAccount:firebase-app-hosting-compute@ecosystem-hub.iam.gserviceaccount.com"]},{"role":"roles/firebaseauth.admin","members":["serviceAccount:firebase-adminsdk-fbsvc@ecosystem-hub.iam.gserviceaccount.com"]},{"role":"roles/firebasedatabase.admin","members":["serviceAccount:firebase-adminsdk-fbsvc@ecosystem-hub.iam.gserviceaccount.com"]},{"role":"roles/firebasemods.serviceAgent","members":["serviceAccount:service-204859518196@gcp-sa-firebasemods.iam.gserviceaccount.com"]},{"role":"roles/firebaserules.system","members":["serviceAccount:service-204859518196@firebase-rules.iam.gserviceaccount.com"]},{"role":"roles/firebasestorage.serviceAgent","members":["serviceAccount:service-204859518196@gcp-sa-firebasestorage.iam.gserviceaccount.com"]},{"role":"roles/firestore.serviceAgent","members":["serviceAccount:service-204859518196@gcp-sa-firestore.iam.gserviceaccount.com"]},{"role":"roles/iam.serviceAccountTokenCreator","members":["serviceAccount:firebase-adminsdk-fbsvc@ecosystem-hub.iam.gserviceaccount.com"]},{"role":"roles/iam.serviceAccountUser","members":["serviceAccount:204859518196@cloudbuild.gserviceaccount.com","serviceAccount:ecosystem-hub-backend@ecosystem-hub.iam.gserviceaccount.com","serviceAccount:firebase-adminsdk-fbsvc@ecosystem-hub.iam.gserviceaccount.com"]},{"role":"roles/logging.configWriter","members":["serviceAccount:204859518196@cloudbuild.gserviceaccount.com"]},{"role":"roles/logging.logWriter","members":["serviceAccount:204859518196-compute@developer.gserviceaccount.com"]},{"role":"roles/owner","members":["user:mkoton100@gmail.com"]},{"role":"roles/run.admin","members":["serviceAccount:204859518196@cloudbuild.gserviceaccount.com"]},{"role":"roles/run.serviceAgent","members":["serviceAccount:service-204859518196@serverless-robot-prod.iam.gserviceaccount.com"]},{"role":"roles/serviceusage.serviceUsageConsumer","members":["serviceAccount:firebase-adminsdk-fbsvc@ecosystem-hub.iam.gserviceaccount.com"]},{"role":"roles/storage.admin","members":["serviceAccount:204859518196-compute@developer.gserviceaccount.com","serviceAccount:204859518196@cloudbuild.gserviceaccount.com","serviceAccount:ecosystem-hub-backend@ecosystem-hub.iam.gserviceaccount.com","serviceAccount:firebase-adminsdk-fbsvc@ecosystem-hub.iam.gserviceaccount.com"]},{"role":"roles/storage.objectAdmin","members":["serviceAccount:ecosystem-hub-backend@ecosystem-hub.iam.gserviceaccount.com"]},{"role":"roles/storage.objectViewer","members":["serviceAccount:firebase-app-hosting-compute@ecosystem-hub.iam.gserviceaccount.com"]},{"role":"roles/viewer","members":["user:farrelk007@gmail.com"]}]},"updateMask":"bindings"}
[debug] [2026-03-10T15:25:29.636Z] <<< [apiv2][status] POST https://cloudresourcemanager.googleapis.com/v1/projects/ecosystem-hub:setIamPolicy 200
[debug] [2026-03-10T15:25:29.637Z] <<< [apiv2][body] POST https://cloudresourcemanager.googleapis.com/v1/projects/ecosystem-hub:setIamPolicy {"version":1,"etag":"BwZMrSEnQ1E=","bindings":[{"role":"roles/accessapproval.viewer","members":["user:charleskramer2211@gmail.com"]},{"role":"roles/cloudaicompanion.serviceAgent","members":["serviceAccount:service-204859518196@gcp-sa-cloudaicompanion.iam.gserviceaccount.com"]},{"role":"roles/cloudbuild.builds.builder","members":["serviceAccount:204859518196@cloudbuild.gserviceaccount.com"]},{"role":"roles/cloudbuild.serviceAgent","members":["serviceAccount:service-204859518196@gcp-sa-cloudbuild.iam.gserviceaccount.com"]},{"role":"roles/containeranalysis.ServiceAgent","members":["serviceAccount:service-204859518196@container-analysis.iam.gserviceaccount.com"]},{"role":"roles/containerregistry.ServiceAgent","members":["serviceAccount:service-204859518196@containerregistry.iam.gserviceaccount.com"]},{"role":"roles/datastore.importExportAdmin","members":["serviceAccount:ecosystem-hub-backend@ecosystem-hub.iam.gserviceaccount.com"]},{"role":"roles/datastore.user","members":["serviceAccount:ecosystem-hub-backend@ecosystem-hub.iam.gserviceaccount.com"]},{"role":"roles/developerconnect.readTokenAccessor","members":["serviceAccount:firebase-app-hosting-compute@ecosystem-hub.iam.gserviceaccount.com"]},{"role":"roles/editor","members":["serviceAccount:204859518196@cloudservices.gserviceaccount.com"]},{"role":"roles/firebase.admin","members":["serviceAccount:204859518196-compute@developer.gserviceaccount.com","serviceAccount:204859518196@cloudbuild.gserviceaccount.com"]},{"role":"roles/firebase.managementServiceAgent","members":["serviceAccount:service-204859518196@gcp-sa-firebase.iam.gserviceaccount.com"]},{"role":"roles/firebase.sdkAdminServiceAgent","members":["serviceAccount:firebase-adminsdk-fbsvc@ecosystem-hub.iam.gserviceaccount.com","serviceAccount:firebase-app-hosting-compute@ecosystem-hub.iam.gserviceaccount.com"]},{"role":"roles/firebaseappcheck.admin","members":["serviceAccount:firebase-adminsdk-fbsvc@ecosystem-hub.iam.gserviceaccount.com"]},{"role":"roles/firebaseapphosting.computeRunner","members":["serviceAccount:firebase-app-hosting-compute@ecosystem-hub.iam.gserviceaccount.com"]},{"role":"roles/firebaseauth.admin","members":["serviceAccount:firebase-adminsdk-fbsvc@ecosystem-hub.iam.gserviceaccount.com"]},{"role":"roles/firebasedatabase.admin","members":["serviceAccount:firebase-adminsdk-fbsvc@ecosystem-hub.iam.gserviceaccount.com"]},{"role":"roles/firebasemods.serviceAgent","members":["serviceAccount:service-204859518196@gcp-sa-firebasemods.iam.gserviceaccount.com"]},{"role":"roles/firebaserules.system","members":["serviceAccount:service-204859518196@firebase-rules.iam.gserviceaccount.com"]},{"role":"roles/firebasestorage.serviceAgent","members":["serviceAccount:service-204859518196@gcp-sa-firebasestorage.iam.gserviceaccount.com"]},{"role":"roles/firestore.serviceAgent","members":["serviceAccount:service-204859518196@gcp-sa-firestore.iam.gserviceaccount.com"]},{"role":"roles/iam.serviceAccountTokenCreator","members":["serviceAccount:firebase-adminsdk-fbsvc@ecosystem-hub.iam.gserviceaccount.com"]},{"role":"roles/iam.serviceAccountUser","members":["serviceAccount:204859518196@cloudbuild.gserviceaccount.com","serviceAccount:ecosystem-hub-backend@ecosystem-hub.iam.gserviceaccount.com","serviceAccount:firebase-adminsdk-fbsvc@ecosystem-hub.iam.gserviceaccount.com"]},{"role":"roles/logging.configWriter","members":["serviceAccount:204859518196@cloudbuild.gserviceaccount.com"]},{"role":"roles/logging.logWriter","members":["serviceAccount:204859518196-compute@developer.gserviceaccount.com"]},{"role":"roles/owner","members":["user:mkoton100@gmail.com"]},{"role":"roles/run.admin","members":["serviceAccount:204859518196@cloudbuild.gserviceaccount.com"]},{"role":"roles/run.serviceAgent","members":["serviceAccount:service-204859518196@serverless-robot-prod.iam.gserviceaccount.com"]},{"role":"roles/serviceusage.serviceUsageConsumer","members":["serviceAccount:firebase-adminsdk-fbsvc@ecosystem-hub.iam.gserviceaccount.com"]},{"role":"roles/storage.admin","members":["serviceAccount:204859518196-compute@developer.gserviceaccount.com","serviceAccount:204859518196@cloudbuild.gserviceaccount.com","serviceAccount:ecosystem-hub-backend@ecosystem-hub.iam.gserviceaccount.com","serviceAccount:firebase-adminsdk-fbsvc@ecosystem-hub.iam.gserviceaccount.com"]},{"role":"roles/storage.objectAdmin","members":["serviceAccount:ecosystem-hub-backend@ecosystem-hub.iam.gserviceaccount.com"]},{"role":"roles/storage.objectViewer","members":["serviceAccount:firebase-app-hosting-compute@ecosystem-hub.iam.gserviceaccount.com"]},{"role":"roles/viewer","members":["user:farrelk007@gmail.com"]}]}
[debug] [2026-03-10T15:25:29.638Z] No OAuth tokens found
[debug] [2026-03-10T15:25:29.638Z] No OAuth tokens found
[debug] [2026-03-10T15:25:29.639Z] > command requires scopes: ["email","openid","https://www.googleapis.com/auth/cloudplatformprojects.readonly","https://www.googleapis.com/auth/firebase","https://www.googleapis.com/auth/cloud-platform","https://www.googleapis.com/auth/userinfo.email"]
[debug] [2026-03-10T15:25:29.639Z] > authorizing via signed-in user (mkoton100@gmail.com)
[debug] [2026-03-10T15:25:29.640Z] >>> [apiv2][query] GET https://firebaseapphosting.googleapis.com/v1beta/projects/ecosystem-hub/locations/-/backends 
[debug] [2026-03-10T15:25:30.272Z] <<< [apiv2][status] GET https://firebaseapphosting.googleapis.com/v1beta/projects/ecosystem-hub/locations/-/backends 200
[debug] [2026-03-10T15:25:30.272Z] <<< [apiv2][body] GET https://firebaseapphosting.googleapis.com/v1beta/projects/ecosystem-hub/locations/-/backends {}
[debug] [2026-03-10T15:25:45.695Z] TypeError: Cannot read properties of undefined (reading 'name')
    at /nix/store/gm9mcvzb17vv8cla08khrg29vxn3sq4r-firebase-tools-15.1.0/lib/node_modules/firebase-tools/node_modules/@inquirer/checkbox/dist/commonjs/index.js:51:29
    at Array.map (<anonymous>)
    at normalizeChoices (/nix/store/gm9mcvzb17vv8cla08khrg29vxn3sq4r-firebase-tools-15.1.0/lib/node_modules/firebase-tools/node_modules/@inquirer/checkbox/dist/commonjs/index.js:39:20)
    at /nix/store/gm9mcvzb17vv8cla08khrg29vxn3sq4r-firebase-tools-15.1.0/lib/node_modules/firebase-tools/node_modules/@inquirer/checkbox/dist/commonjs/index.js:69:52
    at /nix/store/gm9mcvzb17vv8cla08khrg29vxn3sq4r-firebase-tools-15.1.0/lib/node_modules/firebase-tools/node_modules/@inquirer/core/dist/commonjs/lib/create-prompt.js:113:38
    at store.handleChange (/nix/store/gm9mcvzb17vv8cla08khrg29vxn3sq4r-firebase-tools-15.1.0/lib/node_modules/firebase-tools/node_modules/@inquirer/core/dist/commonjs/lib/hook-engine.js:31:17)
    at cycle (/nix/store/gm9mcvzb17vv8cla08khrg29vxn3sq4r-firebase-tools-15.1.0/lib/node_modules/firebase-tools/node_modules/@inquirer/core/dist/commonjs/lib/hook-engine.js:33:19)
    at /nix/store/gm9mcvzb17vv8cla08khrg29vxn3sq4r-firebase-tools-15.1.0/lib/node_modules/firebase-tools/node_modules/@inquirer/core/dist/commonjs/lib/create-prompt.js:111:13
    at /nix/store/gm9mcvzb17vv8cla08khrg29vxn3sq4r-firebase-tools-15.1.0/lib/node_modules/firebase-tools/node_modules/@inquirer/core/dist/commonjs/lib/hook-engine.js:35:16
    at AsyncLocalStorage.run (node:async_hooks:346:14)
[error] 
[error] Error: An unexpected error has occurred.
[debug] [2026-03-12T13:28:51.309Z] ----------------------------------------------------------------------
[debug] [2026-03-12T13:28:51.320Z] Command:       /nix/store/ws50yvm6vzlzf7jzz6n7xh4szddrack1-nodejs-20.19.1/bin/node /nix/store/gm9mcvzb17vv8cla08khrg29vxn3sq4r-firebase-tools-15.1.0/lib/node_modules/firebase-tools/lib/bin/firebase.js deploy --only apphosting
[debug] [2026-03-12T13:28:51.324Z] CLI Version:   15.1.0
[debug] [2026-03-12T13:28:51.324Z] Platform:      linux
[debug] [2026-03-12T13:28:51.324Z] Node Version:  v20.19.1
[debug] [2026-03-12T13:28:51.324Z] Time:          Thu Mar 12 2026 13:28:51 GMT+0000 (Coordinated Universal Time)
[debug] [2026-03-12T13:28:51.325Z] ----------------------------------------------------------------------
[debug] 
[debug] [2026-03-12T13:28:51.334Z] >>> [apiv2][query] GET https://firebase-public.firebaseio.com/cli.json [none]
[debug] [2026-03-12T13:28:56.925Z] Object "/apphosting" in "firebase.json" is missing required property: {"missingProperty":"backendId"}
[debug] [2026-03-12T13:28:56.925Z] Field "/apphosting" in "firebase.json" is possibly invalid: must be array
[debug] [2026-03-12T13:28:56.926Z] Field "/apphosting" in "firebase.json" is possibly invalid: must match a schema in anyOf
[debug] [2026-03-12T13:28:56.956Z] No OAuth tokens found
[debug] [2026-03-12T13:28:56.957Z] No OAuth tokens found
[error] Failed to fetch Firebase Project from current Studio Workspace: Unable to refresh auth: not yet authenticated.
[debug] [2026-03-12T13:28:56.966Z] > command requires scopes: ["email","openid","https://www.googleapis.com/auth/cloudplatformprojects.readonly","https://www.googleapis.com/auth/firebase","https://www.googleapis.com/auth/cloud-platform","https://www.googleapis.com/auth/userinfo.email"]
[debug] [2026-03-12T13:28:57.328Z] <<< [apiv2][status] GET https://firebase-public.firebaseio.com/cli.json 200
[debug] [2026-03-12T13:28:57.328Z] <<< [apiv2][body] GET https://firebase-public.firebaseio.com/cli.json {"cloudBuildErrorAfter":1594252800000,"cloudBuildWarnAfter":1590019200000,"defaultNode10After":1594252800000,"minVersion":"3.0.5","node8DeploysDisabledAfter":1613390400000,"node8RuntimeDisabledAfter":1615809600000,"node8WarnAfter":1600128000000}
[debug] [2026-03-12T13:29:04.462Z] Running auto auth
[debug] [2026-03-12T13:29:04.506Z] [iam] checking project ecosystem-hub for permissions ["firebase.projects.get",null]
[debug] [2026-03-12T13:29:04.515Z] No OAuth tokens found
[debug] [2026-03-12T13:29:04.516Z] >>> [apiv2][query] POST https://cloudresourcemanager.googleapis.com/v1/projects/ecosystem-hub:testIamPermissions [none]
[debug] [2026-03-12T13:29:04.516Z] >>> [apiv2][(partial)header] POST https://cloudresourcemanager.googleapis.com/v1/projects/ecosystem-hub:testIamPermissions x-goog-quota-user=projects/ecosystem-hub
[debug] [2026-03-12T13:29:04.516Z] >>> [apiv2][body] POST https://cloudresourcemanager.googleapis.com/v1/projects/ecosystem-hub:testIamPermissions {"permissions":["firebase.projects.get",null]}
[debug] [2026-03-12T13:29:05.378Z] <<< [apiv2][status] POST https://cloudresourcemanager.googleapis.com/v1/projects/ecosystem-hub:testIamPermissions 200
[debug] [2026-03-12T13:29:05.383Z] <<< [apiv2][body] POST https://cloudresourcemanager.googleapis.com/v1/projects/ecosystem-hub:testIamPermissions {"permissions":["firebase.projects.get"]}
[debug] [2026-03-12T13:29:05.383Z] [iam] error while checking permissions, command may fail: Authorization failed. This account is missing the following required permissions on project ecosystem-hub:

  
[info] 
[info] === Deploying to 'ecosystem-hub'...
[info] 
[info] i  deploying apphosting 
[debug] [2026-03-12T13:29:05.400Z] No OAuth tokens found
[debug] [2026-03-12T13:29:05.401Z] >>> [apiv2][query] POST https://iam.googleapis.com/v1/projects/ecosystem-hub/serviceAccounts/firebase-app-hosting-compute@ecosystem-hub.iam.gserviceaccount.com:testIamPermissions [none]
[debug] [2026-03-12T13:29:05.401Z] >>> [apiv2][(partial)header] POST https://iam.googleapis.com/v1/projects/ecosystem-hub/serviceAccounts/firebase-app-hosting-compute@ecosystem-hub.iam.gserviceaccount.com:testIamPermissions x-goog-quota-user=projects/ecosystem-hub
[debug] [2026-03-12T13:29:05.401Z] >>> [apiv2][body] POST https://iam.googleapis.com/v1/projects/ecosystem-hub/serviceAccounts/firebase-app-hosting-compute@ecosystem-hub.iam.gserviceaccount.com:testIamPermissions {"permissions":["iam.serviceAccounts.actAs"]}
[debug] [2026-03-12T13:29:06.378Z] <<< [apiv2][status] POST https://iam.googleapis.com/v1/projects/ecosystem-hub/serviceAccounts/firebase-app-hosting-compute@ecosystem-hub.iam.gserviceaccount.com:testIamPermissions 200
[debug] [2026-03-12T13:29:06.379Z] <<< [apiv2][body] POST https://iam.googleapis.com/v1/projects/ecosystem-hub/serviceAccounts/firebase-app-hosting-compute@ecosystem-hub.iam.gserviceaccount.com:testIamPermissions {"permissions":["iam.serviceAccounts.actAs"]}
[debug] [2026-03-12T13:29:06.381Z] No OAuth tokens found
[debug] [2026-03-12T13:29:06.382Z] >>> [apiv2][query] POST https://iam.googleapis.com/v1/projects/ecosystem-hub/serviceAccounts [none]
[debug] [2026-03-12T13:29:06.382Z] >>> [apiv2][body] POST https://iam.googleapis.com/v1/projects/ecosystem-hub/serviceAccounts {"accountId":"firebase-app-hosting-compute","serviceAccount":{"displayName":"Firebase App Hosting compute service account","description":"Default service account used to run builds and deploys for Firebase App Hosting"}}
[debug] [2026-03-12T13:29:07.311Z] <<< [apiv2][status] POST https://iam.googleapis.com/v1/projects/ecosystem-hub/serviceAccounts 409
[debug] [2026-03-12T13:29:07.316Z] <<< [apiv2][body] POST https://iam.googleapis.com/v1/projects/ecosystem-hub/serviceAccounts [omitted]
[debug] [2026-03-12T13:29:07.329Z] No OAuth tokens found
[debug] [2026-03-12T13:29:07.329Z] >>> [apiv2][query] POST https://cloudresourcemanager.googleapis.com/v1/projects/ecosystem-hub:getIamPolicy [none]
[debug] [2026-03-12T13:29:07.610Z] <<< [apiv2][status] POST https://cloudresourcemanager.googleapis.com/v1/projects/ecosystem-hub:getIamPolicy 200
[debug] [2026-03-12T13:29:07.611Z] <<< [apiv2][body] POST https://cloudresourcemanager.googleapis.com/v1/projects/ecosystem-hub:getIamPolicy {"version":1,"etag":"BwZMwR0/0lY=","bindings":[{"role":"roles/accessapproval.viewer","members":["user:charleskramer2211@gmail.com"]},{"role":"roles/cloudaicompanion.serviceAgent","members":["serviceAccount:service-204859518196@gcp-sa-cloudaicompanion.iam.gserviceaccount.com"]},{"role":"roles/cloudbuild.builds.builder","members":["serviceAccount:204859518196@cloudbuild.gserviceaccount.com"]},{"role":"roles/cloudbuild.serviceAgent","members":["serviceAccount:service-204859518196@gcp-sa-cloudbuild.iam.gserviceaccount.com"]},{"role":"roles/containeranalysis.ServiceAgent","members":["serviceAccount:service-204859518196@container-analysis.iam.gserviceaccount.com"]},{"role":"roles/containerregistry.ServiceAgent","members":["serviceAccount:service-204859518196@containerregistry.iam.gserviceaccount.com"]},{"role":"roles/datastore.importExportAdmin","members":["serviceAccount:ecosystem-hub-backend@ecosystem-hub.iam.gserviceaccount.com"]},{"role":"roles/datastore.user","members":["serviceAccount:ecosystem-hub-backend@ecosystem-hub.iam.gserviceaccount.com"]},{"role":"roles/developerconnect.readTokenAccessor","members":["serviceAccount:firebase-app-hosting-compute@ecosystem-hub.iam.gserviceaccount.com"]},{"role":"roles/editor","members":["serviceAccount:204859518196@cloudservices.gserviceaccount.com"]},{"role":"roles/firebase.admin","members":["serviceAccount:204859518196-compute@developer.gserviceaccount.com","serviceAccount:204859518196@cloudbuild.gserviceaccount.com"]},{"role":"roles/firebase.managementServiceAgent","members":["serviceAccount:service-204859518196@gcp-sa-firebase.iam.gserviceaccount.com"]},{"role":"roles/firebase.sdkAdminServiceAgent","members":["serviceAccount:firebase-adminsdk-fbsvc@ecosystem-hub.iam.gserviceaccount.com","serviceAccount:firebase-app-hosting-compute@ecosystem-hub.iam.gserviceaccount.com"]},{"role":"roles/firebaseappcheck.admin","members":["serviceAccount:firebase-adminsdk-fbsvc@ecosystem-hub.iam.gserviceaccount.com"]},{"role":"roles/firebaseapphosting.computeRunner","members":["serviceAccount:firebase-app-hosting-compute@ecosystem-hub.iam.gserviceaccount.com"]},{"role":"roles/firebaseauth.admin","members":["serviceAccount:firebase-adminsdk-fbsvc@ecosystem-hub.iam.gserviceaccount.com"]},{"role":"roles/firebasedatabase.admin","members":["serviceAccount:firebase-adminsdk-fbsvc@ecosystem-hub.iam.gserviceaccount.com"]},{"role":"roles/firebasemods.serviceAgent","members":["serviceAccount:service-204859518196@gcp-sa-firebasemods.iam.gserviceaccount.com"]},{"role":"roles/firebaserules.system","members":["serviceAccount:service-204859518196@firebase-rules.iam.gserviceaccount.com"]},{"role":"roles/firebasestorage.serviceAgent","members":["serviceAccount:service-204859518196@gcp-sa-firebasestorage.iam.gserviceaccount.com"]},{"role":"roles/firestore.serviceAgent","members":["serviceAccount:service-204859518196@gcp-sa-firestore.iam.gserviceaccount.com"]},{"role":"roles/iam.serviceAccountTokenCreator","members":["serviceAccount:firebase-adminsdk-fbsvc@ecosystem-hub.iam.gserviceaccount.com"]},{"role":"roles/iam.serviceAccountUser","members":["serviceAccount:204859518196@cloudbuild.gserviceaccount.com","serviceAccount:ecosystem-hub-backend@ecosystem-hub.iam.gserviceaccount.com","serviceAccount:firebase-adminsdk-fbsvc@ecosystem-hub.iam.gserviceaccount.com"]},{"role":"roles/logging.configWriter","members":["serviceAccount:204859518196@cloudbuild.gserviceaccount.com"]},{"role":"roles/logging.logWriter","members":["serviceAccount:204859518196-compute@developer.gserviceaccount.com"]},{"role":"roles/owner","members":["user:mkoton100@gmail.com"]},{"role":"roles/run.admin","members":["serviceAccount:204859518196@cloudbuild.gserviceaccount.com"]},{"role":"roles/run.serviceAgent","members":["serviceAccount:service-204859518196@serverless-robot-prod.iam.gserviceaccount.com"]},{"role":"roles/serviceusage.serviceUsageConsumer","members":["serviceAccount:firebase-adminsdk-fbsvc@ecosystem-hub.iam.gserviceaccount.com"]},{"role":"roles/storage.admin","members":["serviceAccount:204859518196-compute@developer.gserviceaccount.com","serviceAccount:204859518196@cloudbuild.gserviceaccount.com","serviceAccount:ecosystem-hub-backend@ecosystem-hub.iam.gserviceaccount.com","serviceAccount:firebase-adminsdk-fbsvc@ecosystem-hub.iam.gserviceaccount.com"]},{"role":"roles/storage.objectAdmin","members":["serviceAccount:ecosystem-hub-backend@ecosystem-hub.iam.gserviceaccount.com"]},{"role":"roles/storage.objectViewer","members":["serviceAccount:firebase-app-hosting-compute@ecosystem-hub.iam.gserviceaccount.com"]},{"role":"roles/viewer","members":["user:farrelk007@gmail.com"]}]}
[debug] [2026-03-12T13:29:07.613Z] No OAuth tokens found
[debug] [2026-03-12T13:29:07.613Z] >>> [apiv2][query] POST https://cloudresourcemanager.googleapis.com/v1/projects/ecosystem-hub:setIamPolicy [none]
[debug] [2026-03-12T13:29:07.614Z] >>> [apiv2][body] POST https://cloudresourcemanager.googleapis.com/v1/projects/ecosystem-hub:setIamPolicy {"policy":{"version":1,"etag":"BwZMwR0/0lY=","bindings":[{"role":"roles/accessapproval.viewer","members":["user:charleskramer2211@gmail.com"]},{"role":"roles/cloudaicompanion.serviceAgent","members":["serviceAccount:service-204859518196@gcp-sa-cloudaicompanion.iam.gserviceaccount.com"]},{"role":"roles/cloudbuild.builds.builder","members":["serviceAccount:204859518196@cloudbuild.gserviceaccount.com"]},{"role":"roles/cloudbuild.serviceAgent","members":["serviceAccount:service-204859518196@gcp-sa-cloudbuild.iam.gserviceaccount.com"]},{"role":"roles/containeranalysis.ServiceAgent","members":["serviceAccount:service-204859518196@container-analysis.iam.gserviceaccount.com"]},{"role":"roles/containerregistry.ServiceAgent","members":["serviceAccount:service-204859518196@containerregistry.iam.gserviceaccount.com"]},{"role":"roles/datastore.importExportAdmin","members":["serviceAccount:ecosystem-hub-backend@ecosystem-hub.iam.gserviceaccount.com"]},{"role":"roles/datastore.user","members":["serviceAccount:ecosystem-hub-backend@ecosystem-hub.iam.gserviceaccount.com"]},{"role":"roles/developerconnect.readTokenAccessor","members":["serviceAccount:firebase-app-hosting-compute@ecosystem-hub.iam.gserviceaccount.com"]},{"role":"roles/editor","members":["serviceAccount:204859518196@cloudservices.gserviceaccount.com"]},{"role":"roles/firebase.admin","members":["serviceAccount:204859518196-compute@developer.gserviceaccount.com","serviceAccount:204859518196@cloudbuild.gserviceaccount.com"]},{"role":"roles/firebase.managementServiceAgent","members":["serviceAccount:service-204859518196@gcp-sa-firebase.iam.gserviceaccount.com"]},{"role":"roles/firebase.sdkAdminServiceAgent","members":["serviceAccount:firebase-adminsdk-fbsvc@ecosystem-hub.iam.gserviceaccount.com","serviceAccount:firebase-app-hosting-compute@ecosystem-hub.iam.gserviceaccount.com"]},{"role":"roles/firebaseappcheck.admin","members":["serviceAccount:firebase-adminsdk-fbsvc@ecosystem-hub.iam.gserviceaccount.com"]},{"role":"roles/firebaseapphosting.computeRunner","members":["serviceAccount:firebase-app-hosting-compute@ecosystem-hub.iam.gserviceaccount.com"]},{"role":"roles/firebaseauth.admin","members":["serviceAccount:firebase-adminsdk-fbsvc@ecosystem-hub.iam.gserviceaccount.com"]},{"role":"roles/firebasedatabase.admin","members":["serviceAccount:firebase-adminsdk-fbsvc@ecosystem-hub.iam.gserviceaccount.com"]},{"role":"roles/firebasemods.serviceAgent","members":["serviceAccount:service-204859518196@gcp-sa-firebasemods.iam.gserviceaccount.com"]},{"role":"roles/firebaserules.system","members":["serviceAccount:service-204859518196@firebase-rules.iam.gserviceaccount.com"]},{"role":"roles/firebasestorage.serviceAgent","members":["serviceAccount:service-204859518196@gcp-sa-firebasestorage.iam.gserviceaccount.com"]},{"role":"roles/firestore.serviceAgent","members":["serviceAccount:service-204859518196@gcp-sa-firestore.iam.gserviceaccount.com"]},{"role":"roles/iam.serviceAccountTokenCreator","members":["serviceAccount:firebase-adminsdk-fbsvc@ecosystem-hub.iam.gserviceaccount.com"]},{"role":"roles/iam.serviceAccountUser","members":["serviceAccount:204859518196@cloudbuild.gserviceaccount.com","serviceAccount:ecosystem-hub-backend@ecosystem-hub.iam.gserviceaccount.com","serviceAccount:firebase-adminsdk-fbsvc@ecosystem-hub.iam.gserviceaccount.com"]},{"role":"roles/logging.configWriter","members":["serviceAccount:204859518196@cloudbuild.gserviceaccount.com"]},{"role":"roles/logging.logWriter","members":["serviceAccount:204859518196-compute@developer.gserviceaccount.com"]},{"role":"roles/owner","members":["user:mkoton100@gmail.com"]},{"role":"roles/run.admin","members":["serviceAccount:204859518196@cloudbuild.gserviceaccount.com"]},{"role":"roles/run.serviceAgent","members":["serviceAccount:service-204859518196@serverless-robot-prod.iam.gserviceaccount.com"]},{"role":"roles/serviceusage.serviceUsageConsumer","members":["serviceAccount:firebase-adminsdk-fbsvc@ecosystem-hub.iam.gserviceaccount.com"]},{"role":"roles/storage.admin","members":["serviceAccount:204859518196-compute@developer.gserviceaccount.com","serviceAccount:204859518196@cloudbuild.gserviceaccount.com","serviceAccount:ecosystem-hub-backend@ecosystem-hub.iam.gserviceaccount.com","serviceAccount:firebase-adminsdk-fbsvc@ecosystem-hub.iam.gserviceaccount.com"]},{"role":"roles/storage.objectAdmin","members":["serviceAccount:ecosystem-hub-backend@ecosystem-hub.iam.gserviceaccount.com"]},{"role":"roles/storage.objectViewer","members":["serviceAccount:firebase-app-hosting-compute@ecosystem-hub.iam.gserviceaccount.com"]},{"role":"roles/viewer","members":["user:farrelk007@gmail.com"]}]},"updateMask":"bindings"}
[debug] [2026-03-12T13:29:08.985Z] <<< [apiv2][status] POST https://cloudresourcemanager.googleapis.com/v1/projects/ecosystem-hub:setIamPolicy 200
[debug] [2026-03-12T13:29:08.985Z] <<< [apiv2][body] POST https://cloudresourcemanager.googleapis.com/v1/projects/ecosystem-hub:setIamPolicy {"version":1,"etag":"BwZM07zBltA=","bindings":[{"role":"roles/accessapproval.viewer","members":["user:charleskramer2211@gmail.com"]},{"role":"roles/cloudaicompanion.serviceAgent","members":["serviceAccount:service-204859518196@gcp-sa-cloudaicompanion.iam.gserviceaccount.com"]},{"role":"roles/cloudbuild.builds.builder","members":["serviceAccount:204859518196@cloudbuild.gserviceaccount.com"]},{"role":"roles/cloudbuild.serviceAgent","members":["serviceAccount:service-204859518196@gcp-sa-cloudbuild.iam.gserviceaccount.com"]},{"role":"roles/containeranalysis.ServiceAgent","members":["serviceAccount:service-204859518196@container-analysis.iam.gserviceaccount.com"]},{"role":"roles/containerregistry.ServiceAgent","members":["serviceAccount:service-204859518196@containerregistry.iam.gserviceaccount.com"]},{"role":"roles/datastore.importExportAdmin","members":["serviceAccount:ecosystem-hub-backend@ecosystem-hub.iam.gserviceaccount.com"]},{"role":"roles/datastore.user","members":["serviceAccount:ecosystem-hub-backend@ecosystem-hub.iam.gserviceaccount.com"]},{"role":"roles/developerconnect.readTokenAccessor","members":["serviceAccount:firebase-app-hosting-compute@ecosystem-hub.iam.gserviceaccount.com"]},{"role":"roles/editor","members":["serviceAccount:204859518196@cloudservices.gserviceaccount.com"]},{"role":"roles/firebase.admin","members":["serviceAccount:204859518196-compute@developer.gserviceaccount.com","serviceAccount:204859518196@cloudbuild.gserviceaccount.com"]},{"role":"roles/firebase.managementServiceAgent","members":["serviceAccount:service-204859518196@gcp-sa-firebase.iam.gserviceaccount.com"]},{"role":"roles/firebase.sdkAdminServiceAgent","members":["serviceAccount:firebase-adminsdk-fbsvc@ecosystem-hub.iam.gserviceaccount.com","serviceAccount:firebase-app-hosting-compute@ecosystem-hub.iam.gserviceaccount.com"]},{"role":"roles/firebaseappcheck.admin","members":["serviceAccount:firebase-adminsdk-fbsvc@ecosystem-hub.iam.gserviceaccount.com"]},{"role":"roles/firebaseapphosting.computeRunner","members":["serviceAccount:firebase-app-hosting-compute@ecosystem-hub.iam.gserviceaccount.com"]},{"role":"roles/firebaseauth.admin","members":["serviceAccount:firebase-adminsdk-fbsvc@ecosystem-hub.iam.gserviceaccount.com"]},{"role":"roles/firebasedatabase.admin","members":["serviceAccount:firebase-adminsdk-fbsvc@ecosystem-hub.iam.gserviceaccount.com"]},{"role":"roles/firebasemods.serviceAgent","members":["serviceAccount:service-204859518196@gcp-sa-firebasemods.iam.gserviceaccount.com"]},{"role":"roles/firebaserules.system","members":["serviceAccount:service-204859518196@firebase-rules.iam.gserviceaccount.com"]},{"role":"roles/firebasestorage.serviceAgent","members":["serviceAccount:service-204859518196@gcp-sa-firebasestorage.iam.gserviceaccount.com"]},{"role":"roles/firestore.serviceAgent","members":["serviceAccount:service-204859518196@gcp-sa-firestore.iam.gserviceaccount.com"]},{"role":"roles/iam.serviceAccountTokenCreator","members":["serviceAccount:firebase-adminsdk-fbsvc@ecosystem-hub.iam.gserviceaccount.com"]},{"role":"roles/iam.serviceAccountUser","members":["serviceAccount:204859518196@cloudbuild.gserviceaccount.com","serviceAccount:ecosystem-hub-backend@ecosystem-hub.iam.gserviceaccount.com","serviceAccount:firebase-adminsdk-fbsvc@ecosystem-hub.iam.gserviceaccount.com"]},{"role":"roles/logging.configWriter","members":["serviceAccount:204859518196@cloudbuild.gserviceaccount.com"]},{"role":"roles/logging.logWriter","members":["serviceAccount:204859518196-compute@developer.gserviceaccount.com"]},{"role":"roles/owner","members":["user:mkoton100@gmail.com"]},{"role":"roles/run.admin","members":["serviceAccount:204859518196@cloudbuild.gserviceaccount.com"]},{"role":"roles/run.serviceAgent","members":["serviceAccount:service-204859518196@serverless-robot-prod.iam.gserviceaccount.com"]},{"role":"roles/serviceusage.serviceUsageConsumer","members":["serviceAccount:firebase-adminsdk-fbsvc@ecosystem-hub.iam.gserviceaccount.com"]},{"role":"roles/storage.admin","members":["serviceAccount:204859518196-compute@developer.gserviceaccount.com","serviceAccount:204859518196@cloudbuild.gserviceaccount.com","serviceAccount:ecosystem-hub-backend@ecosystem-hub.iam.gserviceaccount.com","serviceAccount:firebase-adminsdk-fbsvc@ecosystem-hub.iam.gserviceaccount.com"]},{"role":"roles/storage.objectAdmin","members":["serviceAccount:ecosystem-hub-backend@ecosystem-hub.iam.gserviceaccount.com"]},{"role":"roles/storage.objectViewer","members":["serviceAccount:firebase-app-hosting-compute@ecosystem-hub.iam.gserviceaccount.com"]},{"role":"roles/viewer","members":["user:farrelk007@gmail.com"]}]}
[debug] [2026-03-12T13:29:08.987Z] No OAuth tokens found
[debug] [2026-03-12T13:29:08.990Z] >>> [apiv2][query] GET https://firebaseapphosting.googleapis.com/v1beta/projects/ecosystem-hub/locations/-/backends 
[debug] [2026-03-12T13:29:09.483Z] <<< [apiv2][status] GET https://firebaseapphosting.googleapis.com/v1beta/projects/ecosystem-hub/locations/-/backends 200
[debug] [2026-03-12T13:29:09.484Z] <<< [apiv2][body] GET https://firebaseapphosting.googleapis.com/v1beta/projects/ecosystem-hub/locations/-/backends {}
[debug] [2026-03-12T13:29:15.719Z] TypeError: Cannot read properties of undefined (reading 'name')
    at /nix/store/gm9mcvzb17vv8cla08khrg29vxn3sq4r-firebase-tools-15.1.0/lib/node_modules/firebase-tools/node_modules/@inquirer/checkbox/dist/commonjs/index.js:51:29
    at Array.map (<anonymous>)
    at normalizeChoices (/nix/store/gm9mcvzb17vv8cla08khrg29vxn3sq4r-firebase-tools-15.1.0/lib/node_modules/firebase-tools/node_modules/@inquirer/checkbox/dist/commonjs/index.js:39:20)
    at /nix/store/gm9mcvzb17vv8cla08khrg29vxn3sq4r-firebase-tools-15.1.0/lib/node_modules/firebase-tools/node_modules/@inquirer/checkbox/dist/commonjs/index.js:69:52
    at /nix/store/gm9mcvzb17vv8cla08khrg29vxn3sq4r-firebase-tools-15.1.0/lib/node_modules/firebase-tools/node_modules/@inquirer/core/dist/commonjs/lib/create-prompt.js:113:38
    at store.handleChange (/nix/store/gm9mcvzb17vv8cla08khrg29vxn3sq4r-firebase-tools-15.1.0/lib/node_modules/firebase-tools/node_modules/@inquirer/core/dist/commonjs/lib/hook-engine.js:31:17)
    at cycle (/nix/store/gm9mcvzb17vv8cla08khrg29vxn3sq4r-firebase-tools-15.1.0/lib/node_modules/firebase-tools/node_modules/@inquirer/core/dist/commonjs/lib/hook-engine.js:33:19)
    at /nix/store/gm9mcvzb17vv8cla08khrg29vxn3sq4r-firebase-tools-15.1.0/lib/node_modules/firebase-tools/node_modules/@inquirer/core/dist/commonjs/lib/create-prompt.js:111:13
    at /nix/store/gm9mcvzb17vv8cla08khrg29vxn3sq4r-firebase-tools-15.1.0/lib/node_modules/firebase-tools/node_modules/@inquirer/core/dist/commonjs/lib/hook-engine.js:35:16
    at AsyncLocalStorage.run (node:async_hooks:346:14)
[error] 
[error] Error: An unexpected error has occurred.
[debug] [2026-03-12T13:38:13.286Z] ----------------------------------------------------------------------
[debug] [2026-03-12T13:38:13.289Z] Command:       /nix/store/ws50yvm6vzlzf7jzz6n7xh4szddrack1-nodejs-20.19.1/bin/node /nix/store/gm9mcvzb17vv8cla08khrg29vxn3sq4r-firebase-tools-15.1.0/lib/node_modules/firebase-tools/lib/bin/firebase.js deploy --only apphosting
[debug] [2026-03-12T13:38:13.289Z] CLI Version:   15.1.0
[debug] [2026-03-12T13:38:13.289Z] Platform:      linux
[debug] [2026-03-12T13:38:13.290Z] Node Version:  v20.19.1
[debug] [2026-03-12T13:38:13.290Z] Time:          Thu Mar 12 2026 13:38:13 GMT+0000 (Coordinated Universal Time)
[debug] [2026-03-12T13:38:13.290Z] ----------------------------------------------------------------------
[debug] 
[debug] [2026-03-12T13:38:15.741Z] Object "/apphosting" in "firebase.json" is missing required property: {"missingProperty":"backendId"}
[debug] [2026-03-12T13:38:15.742Z] Field "/apphosting" in "firebase.json" is possibly invalid: must be array
[debug] [2026-03-12T13:38:15.742Z] Field "/apphosting" in "firebase.json" is possibly invalid: must match a schema in anyOf
[debug] [2026-03-12T13:38:15.745Z] No OAuth tokens found
[debug] [2026-03-12T13:38:15.746Z] No OAuth tokens found
[error] Failed to fetch Firebase Project from current Studio Workspace: Unable to refresh auth: not yet authenticated.
[debug] [2026-03-12T13:38:15.751Z] > command requires scopes: ["email","openid","https://www.googleapis.com/auth/cloudplatformprojects.readonly","https://www.googleapis.com/auth/firebase","https://www.googleapis.com/auth/cloud-platform","https://www.googleapis.com/auth/userinfo.email"]
[debug] [2026-03-12T13:38:15.752Z] > authorizing via signed-in user (mkoton100@gmail.com)
[debug] [2026-03-12T13:38:15.752Z] [iam] checking project ecosystem-hub for permissions ["firebase.projects.get",null]
[debug] [2026-03-12T13:38:15.753Z] No OAuth tokens found
[debug] [2026-03-12T13:38:15.753Z] No OAuth tokens found
[debug] [2026-03-12T13:38:15.753Z] > command requires scopes: ["email","openid","https://www.googleapis.com/auth/cloudplatformprojects.readonly","https://www.googleapis.com/auth/firebase","https://www.googleapis.com/auth/cloud-platform","https://www.googleapis.com/auth/userinfo.email"]
[debug] [2026-03-12T13:38:15.753Z] > authorizing via signed-in user (mkoton100@gmail.com)
[debug] [2026-03-12T13:38:15.755Z] >>> [apiv2][query] POST https://cloudresourcemanager.googleapis.com/v1/projects/ecosystem-hub:testIamPermissions [none]
[debug] [2026-03-12T13:38:15.756Z] >>> [apiv2][(partial)header] POST https://cloudresourcemanager.googleapis.com/v1/projects/ecosystem-hub:testIamPermissions x-goog-quota-user=projects/ecosystem-hub
[debug] [2026-03-12T13:38:15.756Z] >>> [apiv2][body] POST https://cloudresourcemanager.googleapis.com/v1/projects/ecosystem-hub:testIamPermissions {"permissions":["firebase.projects.get",null]}
[debug] [2026-03-12T13:38:15.999Z] <<< [apiv2][status] POST https://cloudresourcemanager.googleapis.com/v1/projects/ecosystem-hub:testIamPermissions 200
[debug] [2026-03-12T13:38:15.999Z] <<< [apiv2][body] POST https://cloudresourcemanager.googleapis.com/v1/projects/ecosystem-hub:testIamPermissions {"permissions":["firebase.projects.get"]}
[debug] [2026-03-12T13:38:16.000Z] [iam] error while checking permissions, command may fail: Authorization failed. This account is missing the following required permissions on project ecosystem-hub:

  
[info] 
[info] === Deploying to 'ecosystem-hub'...
[info] 
[info] i  deploying apphosting 
[debug] [2026-03-12T13:38:16.014Z] No OAuth tokens found
[debug] [2026-03-12T13:38:16.014Z] No OAuth tokens found
[debug] [2026-03-12T13:38:16.014Z] > command requires scopes: ["email","openid","https://www.googleapis.com/auth/cloudplatformprojects.readonly","https://www.googleapis.com/auth/firebase","https://www.googleapis.com/auth/cloud-platform","https://www.googleapis.com/auth/userinfo.email"]
[debug] [2026-03-12T13:38:16.014Z] > authorizing via signed-in user (mkoton100@gmail.com)
[debug] [2026-03-12T13:38:16.014Z] >>> [apiv2][query] POST https://iam.googleapis.com/v1/projects/ecosystem-hub/serviceAccounts/firebase-app-hosting-compute@ecosystem-hub.iam.gserviceaccount.com:testIamPermissions [none]
[debug] [2026-03-12T13:38:16.015Z] >>> [apiv2][(partial)header] POST https://iam.googleapis.com/v1/projects/ecosystem-hub/serviceAccounts/firebase-app-hosting-compute@ecosystem-hub.iam.gserviceaccount.com:testIamPermissions x-goog-quota-user=projects/ecosystem-hub
[debug] [2026-03-12T13:38:16.015Z] >>> [apiv2][body] POST https://iam.googleapis.com/v1/projects/ecosystem-hub/serviceAccounts/firebase-app-hosting-compute@ecosystem-hub.iam.gserviceaccount.com:testIamPermissions {"permissions":["iam.serviceAccounts.actAs"]}
[debug] [2026-03-12T13:38:17.090Z] <<< [apiv2][status] POST https://iam.googleapis.com/v1/projects/ecosystem-hub/serviceAccounts/firebase-app-hosting-compute@ecosystem-hub.iam.gserviceaccount.com:testIamPermissions 200
[debug] [2026-03-12T13:38:17.090Z] <<< [apiv2][body] POST https://iam.googleapis.com/v1/projects/ecosystem-hub/serviceAccounts/firebase-app-hosting-compute@ecosystem-hub.iam.gserviceaccount.com:testIamPermissions {"permissions":["iam.serviceAccounts.actAs"]}
[debug] [2026-03-12T13:38:17.092Z] No OAuth tokens found
[debug] [2026-03-12T13:38:17.092Z] No OAuth tokens found
[debug] [2026-03-12T13:38:17.092Z] > command requires scopes: ["email","openid","https://www.googleapis.com/auth/cloudplatformprojects.readonly","https://www.googleapis.com/auth/firebase","https://www.googleapis.com/auth/cloud-platform","https://www.googleapis.com/auth/userinfo.email"]
[debug] [2026-03-12T13:38:17.096Z] > authorizing via signed-in user (mkoton100@gmail.com)
[debug] [2026-03-12T13:38:17.096Z] >>> [apiv2][query] POST https://iam.googleapis.com/v1/projects/ecosystem-hub/serviceAccounts [none]
[debug] [2026-03-12T13:38:17.096Z] >>> [apiv2][body] POST https://iam.googleapis.com/v1/projects/ecosystem-hub/serviceAccounts {"accountId":"firebase-app-hosting-compute","serviceAccount":{"displayName":"Firebase App Hosting compute service account","description":"Default service account used to run builds and deploys for Firebase App Hosting"}}
[debug] [2026-03-12T13:38:17.411Z] <<< [apiv2][status] POST https://iam.googleapis.com/v1/projects/ecosystem-hub/serviceAccounts 409
[debug] [2026-03-12T13:38:17.411Z] <<< [apiv2][body] POST https://iam.googleapis.com/v1/projects/ecosystem-hub/serviceAccounts [omitted]
[debug] [2026-03-12T13:38:17.414Z] No OAuth tokens found
[debug] [2026-03-12T13:38:17.414Z] No OAuth tokens found
[debug] [2026-03-12T13:38:17.415Z] > command requires scopes: ["email","openid","https://www.googleapis.com/auth/cloudplatformprojects.readonly","https://www.googleapis.com/auth/firebase","https://www.googleapis.com/auth/cloud-platform","https://www.googleapis.com/auth/userinfo.email"]
[debug] [2026-03-12T13:38:17.415Z] > authorizing via signed-in user (mkoton100@gmail.com)
[debug] [2026-03-12T13:38:17.415Z] >>> [apiv2][query] POST https://cloudresourcemanager.googleapis.com/v1/projects/ecosystem-hub:getIamPolicy [none]
[debug] [2026-03-12T13:38:17.714Z] <<< [apiv2][status] POST https://cloudresourcemanager.googleapis.com/v1/projects/ecosystem-hub:getIamPolicy 200
[debug] [2026-03-12T13:38:17.715Z] <<< [apiv2][body] POST https://cloudresourcemanager.googleapis.com/v1/projects/ecosystem-hub:getIamPolicy {"version":1,"etag":"BwZM07zBltA=","bindings":[{"role":"roles/accessapproval.viewer","members":["user:charleskramer2211@gmail.com"]},{"role":"roles/cloudaicompanion.serviceAgent","members":["serviceAccount:service-204859518196@gcp-sa-cloudaicompanion.iam.gserviceaccount.com"]},{"role":"roles/cloudbuild.builds.builder","members":["serviceAccount:204859518196@cloudbuild.gserviceaccount.com"]},{"role":"roles/cloudbuild.serviceAgent","members":["serviceAccount:service-204859518196@gcp-sa-cloudbuild.iam.gserviceaccount.com"]},{"role":"roles/containeranalysis.ServiceAgent","members":["serviceAccount:service-204859518196@container-analysis.iam.gserviceaccount.com"]},{"role":"roles/containerregistry.ServiceAgent","members":["serviceAccount:service-204859518196@containerregistry.iam.gserviceaccount.com"]},{"role":"roles/datastore.importExportAdmin","members":["serviceAccount:ecosystem-hub-backend@ecosystem-hub.iam.gserviceaccount.com"]},{"role":"roles/datastore.user","members":["serviceAccount:ecosystem-hub-backend@ecosystem-hub.iam.gserviceaccount.com"]},{"role":"roles/developerconnect.readTokenAccessor","members":["serviceAccount:firebase-app-hosting-compute@ecosystem-hub.iam.gserviceaccount.com"]},{"role":"roles/editor","members":["serviceAccount:204859518196@cloudservices.gserviceaccount.com"]},{"role":"roles/firebase.admin","members":["serviceAccount:204859518196-compute@developer.gserviceaccount.com","serviceAccount:204859518196@cloudbuild.gserviceaccount.com"]},{"role":"roles/firebase.managementServiceAgent","members":["serviceAccount:service-204859518196@gcp-sa-firebase.iam.gserviceaccount.com"]},{"role":"roles/firebase.sdkAdminServiceAgent","members":["serviceAccount:firebase-adminsdk-fbsvc@ecosystem-hub.iam.gserviceaccount.com","serviceAccount:firebase-app-hosting-compute@ecosystem-hub.iam.gserviceaccount.com"]},{"role":"roles/firebaseappcheck.admin","members":["serviceAccount:firebase-adminsdk-fbsvc@ecosystem-hub.iam.gserviceaccount.com"]},{"role":"roles/firebaseapphosting.computeRunner","members":["serviceAccount:firebase-app-hosting-compute@ecosystem-hub.iam.gserviceaccount.com"]},{"role":"roles/firebaseauth.admin","members":["serviceAccount:firebase-adminsdk-fbsvc@ecosystem-hub.iam.gserviceaccount.com"]},{"role":"roles/firebasedatabase.admin","members":["serviceAccount:firebase-adminsdk-fbsvc@ecosystem-hub.iam.gserviceaccount.com"]},{"role":"roles/firebasemods.serviceAgent","members":["serviceAccount:service-204859518196@gcp-sa-firebasemods.iam.gserviceaccount.com"]},{"role":"roles/firebaserules.system","members":["serviceAccount:service-204859518196@firebase-rules.iam.gserviceaccount.com"]},{"role":"roles/firebasestorage.serviceAgent","members":["serviceAccount:service-204859518196@gcp-sa-firebasestorage.iam.gserviceaccount.com"]},{"role":"roles/firestore.serviceAgent","members":["serviceAccount:service-204859518196@gcp-sa-firestore.iam.gserviceaccount.com"]},{"role":"roles/iam.serviceAccountTokenCreator","members":["serviceAccount:firebase-adminsdk-fbsvc@ecosystem-hub.iam.gserviceaccount.com"]},{"role":"roles/iam.serviceAccountUser","members":["serviceAccount:204859518196@cloudbuild.gserviceaccount.com","serviceAccount:ecosystem-hub-backend@ecosystem-hub.iam.gserviceaccount.com","serviceAccount:firebase-adminsdk-fbsvc@ecosystem-hub.iam.gserviceaccount.com"]},{"role":"roles/logging.configWriter","members":["serviceAccount:204859518196@cloudbuild.gserviceaccount.com"]},{"role":"roles/logging.logWriter","members":["serviceAccount:204859518196-compute@developer.gserviceaccount.com"]},{"role":"roles/owner","members":["user:mkoton100@gmail.com"]},{"role":"roles/run.admin","members":["serviceAccount:204859518196@cloudbuild.gserviceaccount.com"]},{"role":"roles/run.serviceAgent","members":["serviceAccount:service-204859518196@serverless-robot-prod.iam.gserviceaccount.com"]},{"role":"roles/serviceusage.serviceUsageConsumer","members":["serviceAccount:firebase-adminsdk-fbsvc@ecosystem-hub.iam.gserviceaccount.com"]},{"role":"roles/storage.admin","members":["serviceAccount:204859518196-compute@developer.gserviceaccount.com","serviceAccount:204859518196@cloudbuild.gserviceaccount.com","serviceAccount:ecosystem-hub-backend@ecosystem-hub.iam.gserviceaccount.com","serviceAccount:firebase-adminsdk-fbsvc@ecosystem-hub.iam.gserviceaccount.com"]},{"role":"roles/storage.objectAdmin","members":["serviceAccount:ecosystem-hub-backend@ecosystem-hub.iam.gserviceaccount.com"]},{"role":"roles/storage.objectViewer","members":["serviceAccount:firebase-app-hosting-compute@ecosystem-hub.iam.gserviceaccount.com"]},{"role":"roles/viewer","members":["user:farrelk007@gmail.com"]}]}
[debug] [2026-03-12T13:38:17.720Z] No OAuth tokens found
[debug] [2026-03-12T13:38:17.720Z] No OAuth tokens found
[debug] [2026-03-12T13:38:17.720Z] > command requires scopes: ["email","openid","https://www.googleapis.com/auth/cloudplatformprojects.readonly","https://www.googleapis.com/auth/firebase","https://www.googleapis.com/auth/cloud-platform","https://www.googleapis.com/auth/userinfo.email"]
[debug] [2026-03-12T13:38:17.720Z] > authorizing via signed-in user (mkoton100@gmail.com)
[debug] [2026-03-12T13:38:17.722Z] >>> [apiv2][query] POST https://cloudresourcemanager.googleapis.com/v1/projects/ecosystem-hub:setIamPolicy [none]
[debug] [2026-03-12T13:38:17.723Z] >>> [apiv2][body] POST https://cloudresourcemanager.googleapis.com/v1/projects/ecosystem-hub:setIamPolicy {"policy":{"version":1,"etag":"BwZM07zBltA=","bindings":[{"role":"roles/accessapproval.viewer","members":["user:charleskramer2211@gmail.com"]},{"role":"roles/cloudaicompanion.serviceAgent","members":["serviceAccount:service-204859518196@gcp-sa-cloudaicompanion.iam.gserviceaccount.com"]},{"role":"roles/cloudbuild.builds.builder","members":["serviceAccount:204859518196@cloudbuild.gserviceaccount.com"]},{"role":"roles/cloudbuild.serviceAgent","members":["serviceAccount:service-204859518196@gcp-sa-cloudbuild.iam.gserviceaccount.com"]},{"role":"roles/containeranalysis.ServiceAgent","members":["serviceAccount:service-204859518196@container-analysis.iam.gserviceaccount.com"]},{"role":"roles/containerregistry.ServiceAgent","members":["serviceAccount:service-204859518196@containerregistry.iam.gserviceaccount.com"]},{"role":"roles/datastore.importExportAdmin","members":["serviceAccount:ecosystem-hub-backend@ecosystem-hub.iam.gserviceaccount.com"]},{"role":"roles/datastore.user","members":["serviceAccount:ecosystem-hub-backend@ecosystem-hub.iam.gserviceaccount.com"]},{"role":"roles/developerconnect.readTokenAccessor","members":["serviceAccount:firebase-app-hosting-compute@ecosystem-hub.iam.gserviceaccount.com"]},{"role":"roles/editor","members":["serviceAccount:204859518196@cloudservices.gserviceaccount.com"]},{"role":"roles/firebase.admin","members":["serviceAccount:204859518196-compute@developer.gserviceaccount.com","serviceAccount:204859518196@cloudbuild.gserviceaccount.com"]},{"role":"roles/firebase.managementServiceAgent","members":["serviceAccount:service-204859518196@gcp-sa-firebase.iam.gserviceaccount.com"]},{"role":"roles/firebase.sdkAdminServiceAgent","members":["serviceAccount:firebase-adminsdk-fbsvc@ecosystem-hub.iam.gserviceaccount.com","serviceAccount:firebase-app-hosting-compute@ecosystem-hub.iam.gserviceaccount.com"]},{"role":"roles/firebaseappcheck.admin","members":["serviceAccount:firebase-adminsdk-fbsvc@ecosystem-hub.iam.gserviceaccount.com"]},{"role":"roles/firebaseapphosting.computeRunner","members":["serviceAccount:firebase-app-hosting-compute@ecosystem-hub.iam.gserviceaccount.com"]},{"role":"roles/firebaseauth.admin","members":["serviceAccount:firebase-adminsdk-fbsvc@ecosystem-hub.iam.gserviceaccount.com"]},{"role":"roles/firebasedatabase.admin","members":["serviceAccount:firebase-adminsdk-fbsvc@ecosystem-hub.iam.gserviceaccount.com"]},{"role":"roles/firebasemods.serviceAgent","members":["serviceAccount:service-204859518196@gcp-sa-firebasemods.iam.gserviceaccount.com"]},{"role":"roles/firebaserules.system","members":["serviceAccount:service-204859518196@firebase-rules.iam.gserviceaccount.com"]},{"role":"roles/firebasestorage.serviceAgent","members":["serviceAccount:service-204859518196@gcp-sa-firebasestorage.iam.gserviceaccount.com"]},{"role":"roles/firestore.serviceAgent","members":["serviceAccount:service-204859518196@gcp-sa-firestore.iam.gserviceaccount.com"]},{"role":"roles/iam.serviceAccountTokenCreator","members":["serviceAccount:firebase-adminsdk-fbsvc@ecosystem-hub.iam.gserviceaccount.com"]},{"role":"roles/iam.serviceAccountUser","members":["serviceAccount:204859518196@cloudbuild.gserviceaccount.com","serviceAccount:ecosystem-hub-backend@ecosystem-hub.iam.gserviceaccount.com","serviceAccount:firebase-adminsdk-fbsvc@ecosystem-hub.iam.gserviceaccount.com"]},{"role":"roles/logging.configWriter","members":["serviceAccount:204859518196@cloudbuild.gserviceaccount.com"]},{"role":"roles/logging.logWriter","members":["serviceAccount:204859518196-compute@developer.gserviceaccount.com"]},{"role":"roles/owner","members":["user:mkoton100@gmail.com"]},{"role":"roles/run.admin","members":["serviceAccount:204859518196@cloudbuild.gserviceaccount.com"]},{"role":"roles/run.serviceAgent","members":["serviceAccount:service-204859518196@serverless-robot-prod.iam.gserviceaccount.com"]},{"role":"roles/serviceusage.serviceUsageConsumer","members":["serviceAccount:firebase-adminsdk-fbsvc@ecosystem-hub.iam.gserviceaccount.com"]},{"role":"roles/storage.admin","members":["serviceAccount:204859518196-compute@developer.gserviceaccount.com","serviceAccount:204859518196@cloudbuild.gserviceaccount.com","serviceAccount:ecosystem-hub-backend@ecosystem-hub.iam.gserviceaccount.com","serviceAccount:firebase-adminsdk-fbsvc@ecosystem-hub.iam.gserviceaccount.com"]},{"role":"roles/storage.objectAdmin","members":["serviceAccount:ecosystem-hub-backend@ecosystem-hub.iam.gserviceaccount.com"]},{"role":"roles/storage.objectViewer","members":["serviceAccount:firebase-app-hosting-compute@ecosystem-hub.iam.gserviceaccount.com"]},{"role":"roles/viewer","members":["user:farrelk007@gmail.com"]}]},"updateMask":"bindings"}
[debug] [2026-03-12T13:38:18.962Z] <<< [apiv2][status] POST https://cloudresourcemanager.googleapis.com/v1/projects/ecosystem-hub:setIamPolicy 200
[debug] [2026-03-12T13:38:18.963Z] <<< [apiv2][body] POST https://cloudresourcemanager.googleapis.com/v1/projects/ecosystem-hub:setIamPolicy {"version":1,"etag":"BwZM092JzlY=","bindings":[{"role":"roles/accessapproval.viewer","members":["user:charleskramer2211@gmail.com"]},{"role":"roles/cloudaicompanion.serviceAgent","members":["serviceAccount:service-204859518196@gcp-sa-cloudaicompanion.iam.gserviceaccount.com"]},{"role":"roles/cloudbuild.builds.builder","members":["serviceAccount:204859518196@cloudbuild.gserviceaccount.com"]},{"role":"roles/cloudbuild.serviceAgent","members":["serviceAccount:service-204859518196@gcp-sa-cloudbuild.iam.gserviceaccount.com"]},{"role":"roles/containeranalysis.ServiceAgent","members":["serviceAccount:service-204859518196@container-analysis.iam.gserviceaccount.com"]},{"role":"roles/containerregistry.ServiceAgent","members":["serviceAccount:service-204859518196@containerregistry.iam.gserviceaccount.com"]},{"role":"roles/datastore.importExportAdmin","members":["serviceAccount:ecosystem-hub-backend@ecosystem-hub.iam.gserviceaccount.com"]},{"role":"roles/datastore.user","members":["serviceAccount:ecosystem-hub-backend@ecosystem-hub.iam.gserviceaccount.com"]},{"role":"roles/developerconnect.readTokenAccessor","members":["serviceAccount:firebase-app-hosting-compute@ecosystem-hub.iam.gserviceaccount.com"]},{"role":"roles/editor","members":["serviceAccount:204859518196@cloudservices.gserviceaccount.com"]},{"role":"roles/firebase.admin","members":["serviceAccount:204859518196-compute@developer.gserviceaccount.com","serviceAccount:204859518196@cloudbuild.gserviceaccount.com"]},{"role":"roles/firebase.managementServiceAgent","members":["serviceAccount:service-204859518196@gcp-sa-firebase.iam.gserviceaccount.com"]},{"role":"roles/firebase.sdkAdminServiceAgent","members":["serviceAccount:firebase-adminsdk-fbsvc@ecosystem-hub.iam.gserviceaccount.com","serviceAccount:firebase-app-hosting-compute@ecosystem-hub.iam.gserviceaccount.com"]},{"role":"roles/firebaseappcheck.admin","members":["serviceAccount:firebase-adminsdk-fbsvc@ecosystem-hub.iam.gserviceaccount.com"]},{"role":"roles/firebaseapphosting.computeRunner","members":["serviceAccount:firebase-app-hosting-compute@ecosystem-hub.iam.gserviceaccount.com"]},{"role":"roles/firebaseauth.admin","members":["serviceAccount:firebase-adminsdk-fbsvc@ecosystem-hub.iam.gserviceaccount.com"]},{"role":"roles/firebasedatabase.admin","members":["serviceAccount:firebase-adminsdk-fbsvc@ecosystem-hub.iam.gserviceaccount.com"]},{"role":"roles/firebasemods.serviceAgent","members":["serviceAccount:service-204859518196@gcp-sa-firebasemods.iam.gserviceaccount.com"]},{"role":"roles/firebaserules.system","members":["serviceAccount:service-204859518196@firebase-rules.iam.gserviceaccount.com"]},{"role":"roles/firebasestorage.serviceAgent","members":["serviceAccount:service-204859518196@gcp-sa-firebasestorage.iam.gserviceaccount.com"]},{"role":"roles/firestore.serviceAgent","members":["serviceAccount:service-204859518196@gcp-sa-firestore.iam.gserviceaccount.com"]},{"role":"roles/iam.serviceAccountTokenCreator","members":["serviceAccount:firebase-adminsdk-fbsvc@ecosystem-hub.iam.gserviceaccount.com"]},{"role":"roles/iam.serviceAccountUser","members":["serviceAccount:204859518196@cloudbuild.gserviceaccount.com","serviceAccount:ecosystem-hub-backend@ecosystem-hub.iam.gserviceaccount.com","serviceAccount:firebase-adminsdk-fbsvc@ecosystem-hub.iam.gserviceaccount.com"]},{"role":"roles/logging.configWriter","members":["serviceAccount:204859518196@cloudbuild.gserviceaccount.com"]},{"role":"roles/logging.logWriter","members":["serviceAccount:204859518196-compute@developer.gserviceaccount.com"]},{"role":"roles/owner","members":["user:mkoton100@gmail.com"]},{"role":"roles/run.admin","members":["serviceAccount:204859518196@cloudbuild.gserviceaccount.com"]},{"role":"roles/run.serviceAgent","members":["serviceAccount:service-204859518196@serverless-robot-prod.iam.gserviceaccount.com"]},{"role":"roles/serviceusage.serviceUsageConsumer","members":["serviceAccount:firebase-adminsdk-fbsvc@ecosystem-hub.iam.gserviceaccount.com"]},{"role":"roles/storage.admin","members":["serviceAccount:204859518196-compute@developer.gserviceaccount.com","serviceAccount:204859518196@cloudbuild.gserviceaccount.com","serviceAccount:ecosystem-hub-backend@ecosystem-hub.iam.gserviceaccount.com","serviceAccount:firebase-adminsdk-fbsvc@ecosystem-hub.iam.gserviceaccount.com"]},{"role":"roles/storage.objectAdmin","members":["serviceAccount:ecosystem-hub-backend@ecosystem-hub.iam.gserviceaccount.com"]},{"role":"roles/storage.objectViewer","members":["serviceAccount:firebase-app-hosting-compute@ecosystem-hub.iam.gserviceaccount.com"]},{"role":"roles/viewer","members":["user:farrelk007@gmail.com"]}]}
[debug] [2026-03-12T13:38:18.964Z] No OAuth tokens found
[debug] [2026-03-12T13:38:18.964Z] No OAuth tokens found
[debug] [2026-03-12T13:38:18.964Z] > command requires scopes: ["email","openid","https://www.googleapis.com/auth/cloudplatformprojects.readonly","https://www.googleapis.com/auth/firebase","https://www.googleapis.com/auth/cloud-platform","https://www.googleapis.com/auth/userinfo.email"]
[debug] [2026-03-12T13:38:18.965Z] > authorizing via signed-in user (mkoton100@gmail.com)
[debug] [2026-03-12T13:38:18.965Z] >>> [apiv2][query] GET https://firebaseapphosting.googleapis.com/v1beta/projects/ecosystem-hub/locations/-/backends 
[debug] [2026-03-12T13:38:19.472Z] <<< [apiv2][status] GET https://firebaseapphosting.googleapis.com/v1beta/projects/ecosystem-hub/locations/-/backends 200
[debug] [2026-03-12T13:38:19.472Z] <<< [apiv2][body] GET https://firebaseapphosting.googleapis.com/v1beta/projects/ecosystem-hub/locations/-/backends {}
[debug] [2026-03-12T13:38:32.885Z] TypeError: Cannot read properties of undefined (reading 'name')
    at /nix/store/gm9mcvzb17vv8cla08khrg29vxn3sq4r-firebase-tools-15.1.0/lib/node_modules/firebase-tools/node_modules/@inquirer/checkbox/dist/commonjs/index.js:51:29
    at Array.map (<anonymous>)
    at normalizeChoices (/nix/store/gm9mcvzb17vv8cla08khrg29vxn3sq4r-firebase-tools-15.1.0/lib/node_modules/firebase-tools/node_modules/@inquirer/checkbox/dist/commonjs/index.js:39:20)
    at /nix/store/gm9mcvzb17vv8cla08khrg29vxn3sq4r-firebase-tools-15.1.0/lib/node_modules/firebase-tools/node_modules/@inquirer/checkbox/dist/commonjs/index.js:69:52
    at /nix/store/gm9mcvzb17vv8cla08khrg29vxn3sq4r-firebase-tools-15.1.0/lib/node_modules/firebase-tools/node_modules/@inquirer/core/dist/commonjs/lib/create-prompt.js:113:38
    at store.handleChange (/nix/store/gm9mcvzb17vv8cla08khrg29vxn3sq4r-firebase-tools-15.1.0/lib/node_modules/firebase-tools/node_modules/@inquirer/core/dist/commonjs/lib/hook-engine.js:31:17)
    at cycle (/nix/store/gm9mcvzb17vv8cla08khrg29vxn3sq4r-firebase-tools-15.1.0/lib/node_modules/firebase-tools/node_modules/@inquirer/core/dist/commonjs/lib/hook-engine.js:33:19)
    at /nix/store/gm9mcvzb17vv8cla08khrg29vxn3sq4r-firebase-tools-15.1.0/lib/node_modules/firebase-tools/node_modules/@inquirer/core/dist/commonjs/lib/create-prompt.js:111:13
    at /nix/store/gm9mcvzb17vv8cla08khrg29vxn3sq4r-firebase-tools-15.1.0/lib/node_modules/firebase-tools/node_modules/@inquirer/core/dist/commonjs/lib/hook-engine.js:35:16
    at AsyncLocalStorage.run (node:async_hooks:346:14)
[error] 
[error] Error: An unexpected error has occurred.
[debug] [2026-03-12T13:52:56.777Z] ----------------------------------------------------------------------
[debug] [2026-03-12T13:52:56.780Z] Command:       /nix/store/ws50yvm6vzlzf7jzz6n7xh4szddrack1-nodejs-20.19.1/bin/node /nix/store/gm9mcvzb17vv8cla08khrg29vxn3sq4r-firebase-tools-15.1.0/lib/node_modules/firebase-tools/lib/bin/firebase.js deploy --only apphosting
[debug] [2026-03-12T13:52:56.781Z] CLI Version:   15.1.0
[debug] [2026-03-12T13:52:56.781Z] Platform:      linux
[debug] [2026-03-12T13:52:56.781Z] Node Version:  v20.19.1
[debug] [2026-03-12T13:52:56.781Z] Time:          Thu Mar 12 2026 13:52:56 GMT+0000 (Coordinated Universal Time)
[debug] [2026-03-12T13:52:56.781Z] ----------------------------------------------------------------------
[debug] 
[debug] [2026-03-12T13:52:58.733Z] Object "/apphosting" in "firebase.json" is missing required property: {"missingProperty":"backendId"}
[debug] [2026-03-12T13:52:58.733Z] Field "/apphosting" in "firebase.json" is possibly invalid: must be array
[debug] [2026-03-12T13:52:58.734Z] Field "/apphosting" in "firebase.json" is possibly invalid: must match a schema in anyOf
[debug] [2026-03-12T13:52:58.738Z] No OAuth tokens found
[debug] [2026-03-12T13:52:58.738Z] No OAuth tokens found
[error] Failed to fetch Firebase Project from current Studio Workspace: Unable to refresh auth: not yet authenticated.
[debug] [2026-03-12T13:52:58.744Z] > command requires scopes: ["email","openid","https://www.googleapis.com/auth/cloudplatformprojects.readonly","https://www.googleapis.com/auth/firebase","https://www.googleapis.com/auth/cloud-platform","https://www.googleapis.com/auth/userinfo.email"]
[debug] [2026-03-12T13:52:58.744Z] > authorizing via signed-in user (mkoton100@gmail.com)
[debug] [2026-03-12T13:52:58.745Z] [iam] checking project ecosystem-hub for permissions ["firebase.projects.get",null]
[debug] [2026-03-12T13:52:58.745Z] No OAuth tokens found
[debug] [2026-03-12T13:52:58.746Z] No OAuth tokens found
[debug] [2026-03-12T13:52:58.746Z] > command requires scopes: ["email","openid","https://www.googleapis.com/auth/cloudplatformprojects.readonly","https://www.googleapis.com/auth/firebase","https://www.googleapis.com/auth/cloud-platform","https://www.googleapis.com/auth/userinfo.email"]
[debug] [2026-03-12T13:52:58.746Z] > authorizing via signed-in user (mkoton100@gmail.com)
[debug] [2026-03-12T13:52:58.748Z] >>> [apiv2][query] POST https://cloudresourcemanager.googleapis.com/v1/projects/ecosystem-hub:testIamPermissions [none]
[debug] [2026-03-12T13:52:58.748Z] >>> [apiv2][(partial)header] POST https://cloudresourcemanager.googleapis.com/v1/projects/ecosystem-hub:testIamPermissions x-goog-quota-user=projects/ecosystem-hub
[debug] [2026-03-12T13:52:58.748Z] >>> [apiv2][body] POST https://cloudresourcemanager.googleapis.com/v1/projects/ecosystem-hub:testIamPermissions {"permissions":["firebase.projects.get",null]}
[debug] [2026-03-12T13:52:59.652Z] <<< [apiv2][status] POST https://cloudresourcemanager.googleapis.com/v1/projects/ecosystem-hub:testIamPermissions 200
[debug] [2026-03-12T13:52:59.653Z] <<< [apiv2][body] POST https://cloudresourcemanager.googleapis.com/v1/projects/ecosystem-hub:testIamPermissions {"permissions":["firebase.projects.get"]}
[debug] [2026-03-12T13:52:59.653Z] [iam] error while checking permissions, command may fail: Authorization failed. This account is missing the following required permissions on project ecosystem-hub:

  
[info] 
[info] === Deploying to 'ecosystem-hub'...
[info] 
[info] i  deploying apphosting 
[debug] [2026-03-12T13:52:59.664Z] No OAuth tokens found
[debug] [2026-03-12T13:52:59.664Z] No OAuth tokens found
[debug] [2026-03-12T13:52:59.664Z] > command requires scopes: ["email","openid","https://www.googleapis.com/auth/cloudplatformprojects.readonly","https://www.googleapis.com/auth/firebase","https://www.googleapis.com/auth/cloud-platform","https://www.googleapis.com/auth/userinfo.email"]
[debug] [2026-03-12T13:52:59.664Z] > authorizing via signed-in user (mkoton100@gmail.com)
[debug] [2026-03-12T13:52:59.664Z] >>> [apiv2][query] POST https://iam.googleapis.com/v1/projects/ecosystem-hub/serviceAccounts/firebase-app-hosting-compute@ecosystem-hub.iam.gserviceaccount.com:testIamPermissions [none]
[debug] [2026-03-12T13:52:59.665Z] >>> [apiv2][(partial)header] POST https://iam.googleapis.com/v1/projects/ecosystem-hub/serviceAccounts/firebase-app-hosting-compute@ecosystem-hub.iam.gserviceaccount.com:testIamPermissions x-goog-quota-user=projects/ecosystem-hub
[debug] [2026-03-12T13:52:59.667Z] >>> [apiv2][body] POST https://iam.googleapis.com/v1/projects/ecosystem-hub/serviceAccounts/firebase-app-hosting-compute@ecosystem-hub.iam.gserviceaccount.com:testIamPermissions {"permissions":["iam.serviceAccounts.actAs"]}
[debug] [2026-03-12T13:53:00.687Z] <<< [apiv2][status] POST https://iam.googleapis.com/v1/projects/ecosystem-hub/serviceAccounts/firebase-app-hosting-compute@ecosystem-hub.iam.gserviceaccount.com:testIamPermissions 200
[debug] [2026-03-12T13:53:00.687Z] <<< [apiv2][body] POST https://iam.googleapis.com/v1/projects/ecosystem-hub/serviceAccounts/firebase-app-hosting-compute@ecosystem-hub.iam.gserviceaccount.com:testIamPermissions {"permissions":["iam.serviceAccounts.actAs"]}
[debug] [2026-03-12T13:53:00.691Z] No OAuth tokens found
[debug] [2026-03-12T13:53:00.692Z] No OAuth tokens found
[debug] [2026-03-12T13:53:00.692Z] > command requires scopes: ["email","openid","https://www.googleapis.com/auth/cloudplatformprojects.readonly","https://www.googleapis.com/auth/firebase","https://www.googleapis.com/auth/cloud-platform","https://www.googleapis.com/auth/userinfo.email"]
[debug] [2026-03-12T13:53:00.692Z] > authorizing via signed-in user (mkoton100@gmail.com)
[debug] [2026-03-12T13:53:00.693Z] >>> [apiv2][query] POST https://iam.googleapis.com/v1/projects/ecosystem-hub/serviceAccounts [none]
[debug] [2026-03-12T13:53:00.693Z] >>> [apiv2][body] POST https://iam.googleapis.com/v1/projects/ecosystem-hub/serviceAccounts {"accountId":"firebase-app-hosting-compute","serviceAccount":{"displayName":"Firebase App Hosting compute service account","description":"Default service account used to run builds and deploys for Firebase App Hosting"}}
[debug] [2026-03-12T13:53:00.981Z] <<< [apiv2][status] POST https://iam.googleapis.com/v1/projects/ecosystem-hub/serviceAccounts 409
[debug] [2026-03-12T13:53:00.981Z] <<< [apiv2][body] POST https://iam.googleapis.com/v1/projects/ecosystem-hub/serviceAccounts [omitted]
[debug] [2026-03-12T13:53:00.984Z] No OAuth tokens found
[debug] [2026-03-12T13:53:00.984Z] No OAuth tokens found
[debug] [2026-03-12T13:53:00.984Z] > command requires scopes: ["email","openid","https://www.googleapis.com/auth/cloudplatformprojects.readonly","https://www.googleapis.com/auth/firebase","https://www.googleapis.com/auth/cloud-platform","https://www.googleapis.com/auth/userinfo.email"]
[debug] [2026-03-12T13:53:00.985Z] > authorizing via signed-in user (mkoton100@gmail.com)
[debug] [2026-03-12T13:53:00.985Z] >>> [apiv2][query] POST https://cloudresourcemanager.googleapis.com/v1/projects/ecosystem-hub:getIamPolicy [none]
[debug] [2026-03-12T13:53:01.312Z] <<< [apiv2][status] POST https://cloudresourcemanager.googleapis.com/v1/projects/ecosystem-hub:getIamPolicy 200
[debug] [2026-03-12T13:53:01.312Z] <<< [apiv2][body] POST https://cloudresourcemanager.googleapis.com/v1/projects/ecosystem-hub:getIamPolicy {"version":1,"etag":"BwZM092JzlY=","bindings":[{"role":"roles/accessapproval.viewer","members":["user:charleskramer2211@gmail.com"]},{"role":"roles/cloudaicompanion.serviceAgent","members":["serviceAccount:service-204859518196@gcp-sa-cloudaicompanion.iam.gserviceaccount.com"]},{"role":"roles/cloudbuild.builds.builder","members":["serviceAccount:204859518196@cloudbuild.gserviceaccount.com"]},{"role":"roles/cloudbuild.serviceAgent","members":["serviceAccount:service-204859518196@gcp-sa-cloudbuild.iam.gserviceaccount.com"]},{"role":"roles/containeranalysis.ServiceAgent","members":["serviceAccount:service-204859518196@container-analysis.iam.gserviceaccount.com"]},{"role":"roles/containerregistry.ServiceAgent","members":["serviceAccount:service-204859518196@containerregistry.iam.gserviceaccount.com"]},{"role":"roles/datastore.importExportAdmin","members":["serviceAccount:ecosystem-hub-backend@ecosystem-hub.iam.gserviceaccount.com"]},{"role":"roles/datastore.user","members":["serviceAccount:ecosystem-hub-backend@ecosystem-hub.iam.gserviceaccount.com"]},{"role":"roles/developerconnect.readTokenAccessor","members":["serviceAccount:firebase-app-hosting-compute@ecosystem-hub.iam.gserviceaccount.com"]},{"role":"roles/editor","members":["serviceAccount:204859518196@cloudservices.gserviceaccount.com"]},{"role":"roles/firebase.admin","members":["serviceAccount:204859518196-compute@developer.gserviceaccount.com","serviceAccount:204859518196@cloudbuild.gserviceaccount.com"]},{"role":"roles/firebase.managementServiceAgent","members":["serviceAccount:service-204859518196@gcp-sa-firebase.iam.gserviceaccount.com"]},{"role":"roles/firebase.sdkAdminServiceAgent","members":["serviceAccount:firebase-adminsdk-fbsvc@ecosystem-hub.iam.gserviceaccount.com","serviceAccount:firebase-app-hosting-compute@ecosystem-hub.iam.gserviceaccount.com"]},{"role":"roles/firebaseappcheck.admin","members":["serviceAccount:firebase-adminsdk-fbsvc@ecosystem-hub.iam.gserviceaccount.com"]},{"role":"roles/firebaseapphosting.computeRunner","members":["serviceAccount:firebase-app-hosting-compute@ecosystem-hub.iam.gserviceaccount.com"]},{"role":"roles/firebaseauth.admin","members":["serviceAccount:firebase-adminsdk-fbsvc@ecosystem-hub.iam.gserviceaccount.com"]},{"role":"roles/firebasedatabase.admin","members":["serviceAccount:firebase-adminsdk-fbsvc@ecosystem-hub.iam.gserviceaccount.com"]},{"role":"roles/firebasemods.serviceAgent","members":["serviceAccount:service-204859518196@gcp-sa-firebasemods.iam.gserviceaccount.com"]},{"role":"roles/firebaserules.system","members":["serviceAccount:service-204859518196@firebase-rules.iam.gserviceaccount.com"]},{"role":"roles/firebasestorage.serviceAgent","members":["serviceAccount:service-204859518196@gcp-sa-firebasestorage.iam.gserviceaccount.com"]},{"role":"roles/firestore.serviceAgent","members":["serviceAccount:service-204859518196@gcp-sa-firestore.iam.gserviceaccount.com"]},{"role":"roles/iam.serviceAccountTokenCreator","members":["serviceAccount:firebase-adminsdk-fbsvc@ecosystem-hub.iam.gserviceaccount.com"]},{"role":"roles/iam.serviceAccountUser","members":["serviceAccount:204859518196@cloudbuild.gserviceaccount.com","serviceAccount:ecosystem-hub-backend@ecosystem-hub.iam.gserviceaccount.com","serviceAccount:firebase-adminsdk-fbsvc@ecosystem-hub.iam.gserviceaccount.com"]},{"role":"roles/logging.configWriter","members":["serviceAccount:204859518196@cloudbuild.gserviceaccount.com"]},{"role":"roles/logging.logWriter","members":["serviceAccount:204859518196-compute@developer.gserviceaccount.com"]},{"role":"roles/owner","members":["user:mkoton100@gmail.com"]},{"role":"roles/run.admin","members":["serviceAccount:204859518196@cloudbuild.gserviceaccount.com"]},{"role":"roles/run.serviceAgent","members":["serviceAccount:service-204859518196@serverless-robot-prod.iam.gserviceaccount.com"]},{"role":"roles/serviceusage.serviceUsageConsumer","members":["serviceAccount:firebase-adminsdk-fbsvc@ecosystem-hub.iam.gserviceaccount.com"]},{"role":"roles/storage.admin","members":["serviceAccount:204859518196-compute@developer.gserviceaccount.com","serviceAccount:204859518196@cloudbuild.gserviceaccount.com","serviceAccount:ecosystem-hub-backend@ecosystem-hub.iam.gserviceaccount.com","serviceAccount:firebase-adminsdk-fbsvc@ecosystem-hub.iam.gserviceaccount.com"]},{"role":"roles/storage.objectAdmin","members":["serviceAccount:ecosystem-hub-backend@ecosystem-hub.iam.gserviceaccount.com"]},{"role":"roles/storage.objectViewer","members":["serviceAccount:firebase-app-hosting-compute@ecosystem-hub.iam.gserviceaccount.com"]},{"role":"roles/viewer","members":["user:farrelk007@gmail.com"]}]}
[debug] [2026-03-12T13:53:01.314Z] No OAuth tokens found
[debug] [2026-03-12T13:53:01.314Z] No OAuth tokens found
[debug] [2026-03-12T13:53:01.314Z] > command requires scopes: ["email","openid","https://www.googleapis.com/auth/cloudplatformprojects.readonly","https://www.googleapis.com/auth/firebase","https://www.googleapis.com/auth/cloud-platform","https://www.googleapis.com/auth/userinfo.email"]
[debug] [2026-03-12T13:53:01.314Z] > authorizing via signed-in user (mkoton100@gmail.com)
[debug] [2026-03-12T13:53:01.314Z] >>> [apiv2][query] POST https://cloudresourcemanager.googleapis.com/v1/projects/ecosystem-hub:setIamPolicy [none]
[debug] [2026-03-12T13:53:01.315Z] >>> [apiv2][body] POST https://cloudresourcemanager.googleapis.com/v1/projects/ecosystem-hub:setIamPolicy {"policy":{"version":1,"etag":"BwZM092JzlY=","bindings":[{"role":"roles/accessapproval.viewer","members":["user:charleskramer2211@gmail.com"]},{"role":"roles/cloudaicompanion.serviceAgent","members":["serviceAccount:service-204859518196@gcp-sa-cloudaicompanion.iam.gserviceaccount.com"]},{"role":"roles/cloudbuild.builds.builder","members":["serviceAccount:204859518196@cloudbuild.gserviceaccount.com"]},{"role":"roles/cloudbuild.serviceAgent","members":["serviceAccount:service-204859518196@gcp-sa-cloudbuild.iam.gserviceaccount.com"]},{"role":"roles/containeranalysis.ServiceAgent","members":["serviceAccount:service-204859518196@container-analysis.iam.gserviceaccount.com"]},{"role":"roles/containerregistry.ServiceAgent","members":["serviceAccount:service-204859518196@containerregistry.iam.gserviceaccount.com"]},{"role":"roles/datastore.importExportAdmin","members":["serviceAccount:ecosystem-hub-backend@ecosystem-hub.iam.gserviceaccount.com"]},{"role":"roles/datastore.user","members":["serviceAccount:ecosystem-hub-backend@ecosystem-hub.iam.gserviceaccount.com"]},{"role":"roles/developerconnect.readTokenAccessor","members":["serviceAccount:firebase-app-hosting-compute@ecosystem-hub.iam.gserviceaccount.com"]},{"role":"roles/editor","members":["serviceAccount:204859518196@cloudservices.gserviceaccount.com"]},{"role":"roles/firebase.admin","members":["serviceAccount:204859518196-compute@developer.gserviceaccount.com","serviceAccount:204859518196@cloudbuild.gserviceaccount.com"]},{"role":"roles/firebase.managementServiceAgent","members":["serviceAccount:service-204859518196@gcp-sa-firebase.iam.gserviceaccount.com"]},{"role":"roles/firebase.sdkAdminServiceAgent","members":["serviceAccount:firebase-adminsdk-fbsvc@ecosystem-hub.iam.gserviceaccount.com","serviceAccount:firebase-app-hosting-compute@ecosystem-hub.iam.gserviceaccount.com"]},{"role":"roles/firebaseappcheck.admin","members":["serviceAccount:firebase-adminsdk-fbsvc@ecosystem-hub.iam.gserviceaccount.com"]},{"role":"roles/firebaseapphosting.computeRunner","members":["serviceAccount:firebase-app-hosting-compute@ecosystem-hub.iam.gserviceaccount.com"]},{"role":"roles/firebaseauth.admin","members":["serviceAccount:firebase-adminsdk-fbsvc@ecosystem-hub.iam.gserviceaccount.com"]},{"role":"roles/firebasedatabase.admin","members":["serviceAccount:firebase-adminsdk-fbsvc@ecosystem-hub.iam.gserviceaccount.com"]},{"role":"roles/firebasemods.serviceAgent","members":["serviceAccount:service-204859518196@gcp-sa-firebasemods.iam.gserviceaccount.com"]},{"role":"roles/firebaserules.system","members":["serviceAccount:service-204859518196@firebase-rules.iam.gserviceaccount.com"]},{"role":"roles/firebasestorage.serviceAgent","members":["serviceAccount:service-204859518196@gcp-sa-firebasestorage.iam.gserviceaccount.com"]},{"role":"roles/firestore.serviceAgent","members":["serviceAccount:service-204859518196@gcp-sa-firestore.iam.gserviceaccount.com"]},{"role":"roles/iam.serviceAccountTokenCreator","members":["serviceAccount:firebase-adminsdk-fbsvc@ecosystem-hub.iam.gserviceaccount.com"]},{"role":"roles/iam.serviceAccountUser","members":["serviceAccount:204859518196@cloudbuild.gserviceaccount.com","serviceAccount:ecosystem-hub-backend@ecosystem-hub.iam.gserviceaccount.com","serviceAccount:firebase-adminsdk-fbsvc@ecosystem-hub.iam.gserviceaccount.com"]},{"role":"roles/logging.configWriter","members":["serviceAccount:204859518196@cloudbuild.gserviceaccount.com"]},{"role":"roles/logging.logWriter","members":["serviceAccount:204859518196-compute@developer.gserviceaccount.com"]},{"role":"roles/owner","members":["user:mkoton100@gmail.com"]},{"role":"roles/run.admin","members":["serviceAccount:204859518196@cloudbuild.gserviceaccount.com"]},{"role":"roles/run.serviceAgent","members":["serviceAccount:service-204859518196@serverless-robot-prod.iam.gserviceaccount.com"]},{"role":"roles/serviceusage.serviceUsageConsumer","members":["serviceAccount:firebase-adminsdk-fbsvc@ecosystem-hub.iam.gserviceaccount.com"]},{"role":"roles/storage.admin","members":["serviceAccount:204859518196-compute@developer.gserviceaccount.com","serviceAccount:204859518196@cloudbuild.gserviceaccount.com","serviceAccount:ecosystem-hub-backend@ecosystem-hub.iam.gserviceaccount.com","serviceAccount:firebase-adminsdk-fbsvc@ecosystem-hub.iam.gserviceaccount.com"]},{"role":"roles/storage.objectAdmin","members":["serviceAccount:ecosystem-hub-backend@ecosystem-hub.iam.gserviceaccount.com"]},{"role":"roles/storage.objectViewer","members":["serviceAccount:firebase-app-hosting-compute@ecosystem-hub.iam.gserviceaccount.com"]},{"role":"roles/viewer","members":["user:farrelk007@gmail.com"]}]},"updateMask":"bindings"}
[debug] [2026-03-12T13:53:02.456Z] <<< [apiv2][status] POST https://cloudresourcemanager.googleapis.com/v1/projects/ecosystem-hub:setIamPolicy 200
[debug] [2026-03-12T13:53:02.456Z] <<< [apiv2][body] POST https://cloudresourcemanager.googleapis.com/v1/projects/ecosystem-hub:setIamPolicy {"version":1,"etag":"BwZM1BIyuJU=","bindings":[{"role":"roles/accessapproval.viewer","members":["user:charleskramer2211@gmail.com"]},{"role":"roles/cloudaicompanion.serviceAgent","members":["serviceAccount:service-204859518196@gcp-sa-cloudaicompanion.iam.gserviceaccount.com"]},{"role":"roles/cloudbuild.builds.builder","members":["serviceAccount:204859518196@cloudbuild.gserviceaccount.com"]},{"role":"roles/cloudbuild.serviceAgent","members":["serviceAccount:service-204859518196@gcp-sa-cloudbuild.iam.gserviceaccount.com"]},{"role":"roles/containeranalysis.ServiceAgent","members":["serviceAccount:service-204859518196@container-analysis.iam.gserviceaccount.com"]},{"role":"roles/containerregistry.ServiceAgent","members":["serviceAccount:service-204859518196@containerregistry.iam.gserviceaccount.com"]},{"role":"roles/datastore.importExportAdmin","members":["serviceAccount:ecosystem-hub-backend@ecosystem-hub.iam.gserviceaccount.com"]},{"role":"roles/datastore.user","members":["serviceAccount:ecosystem-hub-backend@ecosystem-hub.iam.gserviceaccount.com"]},{"role":"roles/developerconnect.readTokenAccessor","members":["serviceAccount:firebase-app-hosting-compute@ecosystem-hub.iam.gserviceaccount.com"]},{"role":"roles/editor","members":["serviceAccount:204859518196@cloudservices.gserviceaccount.com"]},{"role":"roles/firebase.admin","members":["serviceAccount:204859518196-compute@developer.gserviceaccount.com","serviceAccount:204859518196@cloudbuild.gserviceaccount.com"]},{"role":"roles/firebase.managementServiceAgent","members":["serviceAccount:service-204859518196@gcp-sa-firebase.iam.gserviceaccount.com"]},{"role":"roles/firebase.sdkAdminServiceAgent","members":["serviceAccount:firebase-adminsdk-fbsvc@ecosystem-hub.iam.gserviceaccount.com","serviceAccount:firebase-app-hosting-compute@ecosystem-hub.iam.gserviceaccount.com"]},{"role":"roles/firebaseappcheck.admin","members":["serviceAccount:firebase-adminsdk-fbsvc@ecosystem-hub.iam.gserviceaccount.com"]},{"role":"roles/firebaseapphosting.computeRunner","members":["serviceAccount:firebase-app-hosting-compute@ecosystem-hub.iam.gserviceaccount.com"]},{"role":"roles/firebaseauth.admin","members":["serviceAccount:firebase-adminsdk-fbsvc@ecosystem-hub.iam.gserviceaccount.com"]},{"role":"roles/firebasedatabase.admin","members":["serviceAccount:firebase-adminsdk-fbsvc@ecosystem-hub.iam.gserviceaccount.com"]},{"role":"roles/firebasemods.serviceAgent","members":["serviceAccount:service-204859518196@gcp-sa-firebasemods.iam.gserviceaccount.com"]},{"role":"roles/firebaserules.system","members":["serviceAccount:service-204859518196@firebase-rules.iam.gserviceaccount.com"]},{"role":"roles/firebasestorage.serviceAgent","members":["serviceAccount:service-204859518196@gcp-sa-firebasestorage.iam.gserviceaccount.com"]},{"role":"roles/firestore.serviceAgent","members":["serviceAccount:service-204859518196@gcp-sa-firestore.iam.gserviceaccount.com"]},{"role":"roles/iam.serviceAccountTokenCreator","members":["serviceAccount:firebase-adminsdk-fbsvc@ecosystem-hub.iam.gserviceaccount.com"]},{"role":"roles/iam.serviceAccountUser","members":["serviceAccount:204859518196@cloudbuild.gserviceaccount.com","serviceAccount:ecosystem-hub-backend@ecosystem-hub.iam.gserviceaccount.com","serviceAccount:firebase-adminsdk-fbsvc@ecosystem-hub.iam.gserviceaccount.com"]},{"role":"roles/logging.configWriter","members":["serviceAccount:204859518196@cloudbuild.gserviceaccount.com"]},{"role":"roles/logging.logWriter","members":["serviceAccount:204859518196-compute@developer.gserviceaccount.com"]},{"role":"roles/owner","members":["user:mkoton100@gmail.com"]},{"role":"roles/run.admin","members":["serviceAccount:204859518196@cloudbuild.gserviceaccount.com"]},{"role":"roles/run.serviceAgent","members":["serviceAccount:service-204859518196@serverless-robot-prod.iam.gserviceaccount.com"]},{"role":"roles/serviceusage.serviceUsageConsumer","members":["serviceAccount:firebase-adminsdk-fbsvc@ecosystem-hub.iam.gserviceaccount.com"]},{"role":"roles/storage.admin","members":["serviceAccount:204859518196-compute@developer.gserviceaccount.com","serviceAccount:204859518196@cloudbuild.gserviceaccount.com","serviceAccount:ecosystem-hub-backend@ecosystem-hub.iam.gserviceaccount.com","serviceAccount:firebase-adminsdk-fbsvc@ecosystem-hub.iam.gserviceaccount.com"]},{"role":"roles/storage.objectAdmin","members":["serviceAccount:ecosystem-hub-backend@ecosystem-hub.iam.gserviceaccount.com"]},{"role":"roles/storage.objectViewer","members":["serviceAccount:firebase-app-hosting-compute@ecosystem-hub.iam.gserviceaccount.com"]},{"role":"roles/viewer","members":["user:farrelk007@gmail.com"]}]}
[debug] [2026-03-12T13:53:02.460Z] No OAuth tokens found
[debug] [2026-03-12T13:53:02.460Z] No OAuth tokens found
[debug] [2026-03-12T13:53:02.460Z] > command requires scopes: ["email","openid","https://www.googleapis.com/auth/cloudplatformprojects.readonly","https://www.googleapis.com/auth/firebase","https://www.googleapis.com/auth/cloud-platform","https://www.googleapis.com/auth/userinfo.email"]
[debug] [2026-03-12T13:53:02.460Z] > authorizing via signed-in user (mkoton100@gmail.com)
[debug] [2026-03-12T13:53:02.461Z] >>> [apiv2][query] GET https://firebaseapphosting.googleapis.com/v1beta/projects/ecosystem-hub/locations/-/backends 
[debug] [2026-03-12T13:53:03.760Z] <<< [apiv2][status] GET https://firebaseapphosting.googleapis.com/v1beta/projects/ecosystem-hub/locations/-/backends 200
[debug] [2026-03-12T13:53:03.760Z] <<< [apiv2][body] GET https://firebaseapphosting.googleapis.com/v1beta/projects/ecosystem-hub/locations/-/backends {}
[debug] [2026-03-12T13:53:36.567Z] TypeError: Cannot read properties of undefined (reading 'name')
    at /nix/store/gm9mcvzb17vv8cla08khrg29vxn3sq4r-firebase-tools-15.1.0/lib/node_modules/firebase-tools/node_modules/@inquirer/checkbox/dist/commonjs/index.js:51:29
    at Array.map (<anonymous>)
    at normalizeChoices (/nix/store/gm9mcvzb17vv8cla08khrg29vxn3sq4r-firebase-tools-15.1.0/lib/node_modules/firebase-tools/node_modules/@inquirer/checkbox/dist/commonjs/index.js:39:20)
    at /nix/store/gm9mcvzb17vv8cla08khrg29vxn3sq4r-firebase-tools-15.1.0/lib/node_modules/firebase-tools/node_modules/@inquirer/checkbox/dist/commonjs/index.js:69:52
    at /nix/store/gm9mcvzb17vv8cla08khrg29vxn3sq4r-firebase-tools-15.1.0/lib/node_modules/firebase-tools/node_modules/@inquirer/core/dist/commonjs/lib/create-prompt.js:113:38
    at store.handleChange (/nix/store/gm9mcvzb17vv8cla08khrg29vxn3sq4r-firebase-tools-15.1.0/lib/node_modules/firebase-tools/node_modules/@inquirer/core/dist/commonjs/lib/hook-engine.js:31:17)
    at cycle (/nix/store/gm9mcvzb17vv8cla08khrg29vxn3sq4r-firebase-tools-15.1.0/lib/node_modules/firebase-tools/node_modules/@inquirer/core/dist/commonjs/lib/hook-engine.js:33:19)
    at /nix/store/gm9mcvzb17vv8cla08khrg29vxn3sq4r-firebase-tools-15.1.0/lib/node_modules/firebase-tools/node_modules/@inquirer/core/dist/commonjs/lib/create-prompt.js:111:13
    at /nix/store/gm9mcvzb17vv8cla08khrg29vxn3sq4r-firebase-tools-15.1.0/lib/node_modules/firebase-tools/node_modules/@inquirer/core/dist/commonjs/lib/hook-engine.js:35:16
    at AsyncLocalStorage.run (node:async_hooks:346:14)
[error] 
[error] Error: An unexpected error has occurred.
[debug] [2026-03-12T13:56:38.961Z] ----------------------------------------------------------------------
[debug] [2026-03-12T13:56:38.966Z] Command:       /nix/store/ws50yvm6vzlzf7jzz6n7xh4szddrack1-nodejs-20.19.1/bin/node /nix/store/gm9mcvzb17vv8cla08khrg29vxn3sq4r-firebase-tools-15.1.0/lib/node_modules/firebase-tools/lib/bin/firebase.js deploy --only apphosting
[debug] [2026-03-12T13:56:38.967Z] CLI Version:   15.1.0
[debug] [2026-03-12T13:56:38.967Z] Platform:      linux
[debug] [2026-03-12T13:56:38.967Z] Node Version:  v20.19.1
[debug] [2026-03-12T13:56:38.967Z] Time:          Thu Mar 12 2026 13:56:38 GMT+0000 (Coordinated Universal Time)
[debug] [2026-03-12T13:56:38.968Z] ----------------------------------------------------------------------
[debug] 
[debug] [2026-03-12T13:56:40.878Z] Object "/apphosting" in "firebase.json" is missing required property: {"missingProperty":"backendId"}
[debug] [2026-03-12T13:56:40.878Z] Field "/apphosting" in "firebase.json" is possibly invalid: must be array
[debug] [2026-03-12T13:56:40.879Z] Field "/apphosting" in "firebase.json" is possibly invalid: must match a schema in anyOf
[debug] [2026-03-12T13:56:40.882Z] No OAuth tokens found
[debug] [2026-03-12T13:56:40.882Z] No OAuth tokens found
[error] Failed to fetch Firebase Project from current Studio Workspace: Unable to refresh auth: not yet authenticated.
[debug] [2026-03-12T13:56:40.888Z] > command requires scopes: ["email","openid","https://www.googleapis.com/auth/cloudplatformprojects.readonly","https://www.googleapis.com/auth/firebase","https://www.googleapis.com/auth/cloud-platform","https://www.googleapis.com/auth/userinfo.email"]
[debug] [2026-03-12T13:56:40.888Z] > authorizing via signed-in user (mkoton100@gmail.com)
[debug] [2026-03-12T13:56:40.889Z] [iam] checking project ecosystem-hub for permissions ["firebase.projects.get",null]
[debug] [2026-03-12T13:56:40.889Z] No OAuth tokens found
[debug] [2026-03-12T13:56:40.890Z] No OAuth tokens found
[debug] [2026-03-12T13:56:40.890Z] > command requires scopes: ["email","openid","https://www.googleapis.com/auth/cloudplatformprojects.readonly","https://www.googleapis.com/auth/firebase","https://www.googleapis.com/auth/cloud-platform","https://www.googleapis.com/auth/userinfo.email"]
[debug] [2026-03-12T13:56:40.890Z] > authorizing via signed-in user (mkoton100@gmail.com)
[debug] [2026-03-12T13:56:40.892Z] >>> [apiv2][query] POST https://cloudresourcemanager.googleapis.com/v1/projects/ecosystem-hub:testIamPermissions [none]
[debug] [2026-03-12T13:56:40.892Z] >>> [apiv2][(partial)header] POST https://cloudresourcemanager.googleapis.com/v1/projects/ecosystem-hub:testIamPermissions x-goog-quota-user=projects/ecosystem-hub
[debug] [2026-03-12T13:56:40.892Z] >>> [apiv2][body] POST https://cloudresourcemanager.googleapis.com/v1/projects/ecosystem-hub:testIamPermissions {"permissions":["firebase.projects.get",null]}
[debug] [2026-03-12T13:56:41.809Z] <<< [apiv2][status] POST https://cloudresourcemanager.googleapis.com/v1/projects/ecosystem-hub:testIamPermissions 200
[debug] [2026-03-12T13:56:41.809Z] <<< [apiv2][body] POST https://cloudresourcemanager.googleapis.com/v1/projects/ecosystem-hub:testIamPermissions {"permissions":["firebase.projects.get"]}
[debug] [2026-03-12T13:56:41.810Z] [iam] error while checking permissions, command may fail: Authorization failed. This account is missing the following required permissions on project ecosystem-hub:

  
[info] 
[info] === Deploying to 'ecosystem-hub'...
[info] 
[info] i  deploying apphosting 
[debug] [2026-03-12T13:56:41.823Z] No OAuth tokens found
[debug] [2026-03-12T13:56:41.823Z] No OAuth tokens found
[debug] [2026-03-12T13:56:41.823Z] > command requires scopes: ["email","openid","https://www.googleapis.com/auth/cloudplatformprojects.readonly","https://www.googleapis.com/auth/firebase","https://www.googleapis.com/auth/cloud-platform","https://www.googleapis.com/auth/userinfo.email"]
[debug] [2026-03-12T13:56:41.823Z] > authorizing via signed-in user (mkoton100@gmail.com)
[debug] [2026-03-12T13:56:41.826Z] >>> [apiv2][query] POST https://iam.googleapis.com/v1/projects/ecosystem-hub/serviceAccounts/firebase-app-hosting-compute@ecosystem-hub.iam.gserviceaccount.com:testIamPermissions [none]
[debug] [2026-03-12T13:56:41.826Z] >>> [apiv2][(partial)header] POST https://iam.googleapis.com/v1/projects/ecosystem-hub/serviceAccounts/firebase-app-hosting-compute@ecosystem-hub.iam.gserviceaccount.com:testIamPermissions x-goog-quota-user=projects/ecosystem-hub
[debug] [2026-03-12T13:56:41.827Z] >>> [apiv2][body] POST https://iam.googleapis.com/v1/projects/ecosystem-hub/serviceAccounts/firebase-app-hosting-compute@ecosystem-hub.iam.gserviceaccount.com:testIamPermissions {"permissions":["iam.serviceAccounts.actAs"]}
[debug] [2026-03-12T13:56:42.784Z] <<< [apiv2][status] POST https://iam.googleapis.com/v1/projects/ecosystem-hub/serviceAccounts/firebase-app-hosting-compute@ecosystem-hub.iam.gserviceaccount.com:testIamPermissions 200
[debug] [2026-03-12T13:56:42.784Z] <<< [apiv2][body] POST https://iam.googleapis.com/v1/projects/ecosystem-hub/serviceAccounts/firebase-app-hosting-compute@ecosystem-hub.iam.gserviceaccount.com:testIamPermissions {"permissions":["iam.serviceAccounts.actAs"]}
[debug] [2026-03-12T13:56:42.785Z] No OAuth tokens found
[debug] [2026-03-12T13:56:42.785Z] No OAuth tokens found
[debug] [2026-03-12T13:56:42.785Z] > command requires scopes: ["email","openid","https://www.googleapis.com/auth/cloudplatformprojects.readonly","https://www.googleapis.com/auth/firebase","https://www.googleapis.com/auth/cloud-platform","https://www.googleapis.com/auth/userinfo.email"]
[debug] [2026-03-12T13:56:42.786Z] > authorizing via signed-in user (mkoton100@gmail.com)
[debug] [2026-03-12T13:56:42.786Z] >>> [apiv2][query] POST https://iam.googleapis.com/v1/projects/ecosystem-hub/serviceAccounts [none]
[debug] [2026-03-12T13:56:42.786Z] >>> [apiv2][body] POST https://iam.googleapis.com/v1/projects/ecosystem-hub/serviceAccounts {"accountId":"firebase-app-hosting-compute","serviceAccount":{"displayName":"Firebase App Hosting compute service account","description":"Default service account used to run builds and deploys for Firebase App Hosting"}}
[debug] [2026-03-12T13:56:43.709Z] <<< [apiv2][status] POST https://iam.googleapis.com/v1/projects/ecosystem-hub/serviceAccounts 409
[debug] [2026-03-12T13:56:43.709Z] <<< [apiv2][body] POST https://iam.googleapis.com/v1/projects/ecosystem-hub/serviceAccounts [omitted]
[debug] [2026-03-12T13:56:43.712Z] No OAuth tokens found
[debug] [2026-03-12T13:56:43.712Z] No OAuth tokens found
[debug] [2026-03-12T13:56:43.712Z] > command requires scopes: ["email","openid","https://www.googleapis.com/auth/cloudplatformprojects.readonly","https://www.googleapis.com/auth/firebase","https://www.googleapis.com/auth/cloud-platform","https://www.googleapis.com/auth/userinfo.email"]
[debug] [2026-03-12T13:56:43.713Z] > authorizing via signed-in user (mkoton100@gmail.com)
[debug] [2026-03-12T13:56:43.713Z] >>> [apiv2][query] POST https://cloudresourcemanager.googleapis.com/v1/projects/ecosystem-hub:getIamPolicy [none]
[debug] [2026-03-12T13:56:44.072Z] <<< [apiv2][status] POST https://cloudresourcemanager.googleapis.com/v1/projects/ecosystem-hub:getIamPolicy 200
[debug] [2026-03-12T13:56:44.074Z] <<< [apiv2][body] POST https://cloudresourcemanager.googleapis.com/v1/projects/ecosystem-hub:getIamPolicy {"version":1,"etag":"BwZM1BIyuJU=","bindings":[{"role":"roles/accessapproval.viewer","members":["user:charleskramer2211@gmail.com"]},{"role":"roles/cloudaicompanion.serviceAgent","members":["serviceAccount:service-204859518196@gcp-sa-cloudaicompanion.iam.gserviceaccount.com"]},{"role":"roles/cloudbuild.builds.builder","members":["serviceAccount:204859518196@cloudbuild.gserviceaccount.com"]},{"role":"roles/cloudbuild.serviceAgent","members":["serviceAccount:service-204859518196@gcp-sa-cloudbuild.iam.gserviceaccount.com"]},{"role":"roles/containeranalysis.ServiceAgent","members":["serviceAccount:service-204859518196@container-analysis.iam.gserviceaccount.com"]},{"role":"roles/containerregistry.ServiceAgent","members":["serviceAccount:service-204859518196@containerregistry.iam.gserviceaccount.com"]},{"role":"roles/datastore.importExportAdmin","members":["serviceAccount:ecosystem-hub-backend@ecosystem-hub.iam.gserviceaccount.com"]},{"role":"roles/datastore.user","members":["serviceAccount:ecosystem-hub-backend@ecosystem-hub.iam.gserviceaccount.com"]},{"role":"roles/developerconnect.readTokenAccessor","members":["serviceAccount:firebase-app-hosting-compute@ecosystem-hub.iam.gserviceaccount.com"]},{"role":"roles/editor","members":["serviceAccount:204859518196@cloudservices.gserviceaccount.com"]},{"role":"roles/firebase.admin","members":["serviceAccount:204859518196-compute@developer.gserviceaccount.com","serviceAccount:204859518196@cloudbuild.gserviceaccount.com"]},{"role":"roles/firebase.managementServiceAgent","members":["serviceAccount:service-204859518196@gcp-sa-firebase.iam.gserviceaccount.com"]},{"role":"roles/firebase.sdkAdminServiceAgent","members":["serviceAccount:firebase-adminsdk-fbsvc@ecosystem-hub.iam.gserviceaccount.com","serviceAccount:firebase-app-hosting-compute@ecosystem-hub.iam.gserviceaccount.com"]},{"role":"roles/firebaseappcheck.admin","members":["serviceAccount:firebase-adminsdk-fbsvc@ecosystem-hub.iam.gserviceaccount.com"]},{"role":"roles/firebaseapphosting.computeRunner","members":["serviceAccount:firebase-app-hosting-compute@ecosystem-hub.iam.gserviceaccount.com"]},{"role":"roles/firebaseauth.admin","members":["serviceAccount:firebase-adminsdk-fbsvc@ecosystem-hub.iam.gserviceaccount.com"]},{"role":"roles/firebasedatabase.admin","members":["serviceAccount:firebase-adminsdk-fbsvc@ecosystem-hub.iam.gserviceaccount.com"]},{"role":"roles/firebasemods.serviceAgent","members":["serviceAccount:service-204859518196@gcp-sa-firebasemods.iam.gserviceaccount.com"]},{"role":"roles/firebaserules.system","members":["serviceAccount:service-204859518196@firebase-rules.iam.gserviceaccount.com"]},{"role":"roles/firebasestorage.serviceAgent","members":["serviceAccount:service-204859518196@gcp-sa-firebasestorage.iam.gserviceaccount.com"]},{"role":"roles/firestore.serviceAgent","members":["serviceAccount:service-204859518196@gcp-sa-firestore.iam.gserviceaccount.com"]},{"role":"roles/iam.serviceAccountTokenCreator","members":["serviceAccount:firebase-adminsdk-fbsvc@ecosystem-hub.iam.gserviceaccount.com"]},{"role":"roles/iam.serviceAccountUser","members":["serviceAccount:204859518196@cloudbuild.gserviceaccount.com","serviceAccount:ecosystem-hub-backend@ecosystem-hub.iam.gserviceaccount.com","serviceAccount:firebase-adminsdk-fbsvc@ecosystem-hub.iam.gserviceaccount.com"]},{"role":"roles/logging.configWriter","members":["serviceAccount:204859518196@cloudbuild.gserviceaccount.com"]},{"role":"roles/logging.logWriter","members":["serviceAccount:204859518196-compute@developer.gserviceaccount.com"]},{"role":"roles/owner","members":["user:mkoton100@gmail.com"]},{"role":"roles/run.admin","members":["serviceAccount:204859518196@cloudbuild.gserviceaccount.com"]},{"role":"roles/run.serviceAgent","members":["serviceAccount:service-204859518196@serverless-robot-prod.iam.gserviceaccount.com"]},{"role":"roles/serviceusage.serviceUsageConsumer","members":["serviceAccount:firebase-adminsdk-fbsvc@ecosystem-hub.iam.gserviceaccount.com"]},{"role":"roles/storage.admin","members":["serviceAccount:204859518196-compute@developer.gserviceaccount.com","serviceAccount:204859518196@cloudbuild.gserviceaccount.com","serviceAccount:ecosystem-hub-backend@ecosystem-hub.iam.gserviceaccount.com","serviceAccount:firebase-adminsdk-fbsvc@ecosystem-hub.iam.gserviceaccount.com"]},{"role":"roles/storage.objectAdmin","members":["serviceAccount:ecosystem-hub-backend@ecosystem-hub.iam.gserviceaccount.com"]},{"role":"roles/storage.objectViewer","members":["serviceAccount:firebase-app-hosting-compute@ecosystem-hub.iam.gserviceaccount.com"]},{"role":"roles/viewer","members":["user:farrelk007@gmail.com"]}]}
[debug] [2026-03-12T13:56:44.083Z] No OAuth tokens found
[debug] [2026-03-12T13:56:44.083Z] No OAuth tokens found
[debug] [2026-03-12T13:56:44.083Z] > command requires scopes: ["email","openid","https://www.googleapis.com/auth/cloudplatformprojects.readonly","https://www.googleapis.com/auth/firebase","https://www.googleapis.com/auth/cloud-platform","https://www.googleapis.com/auth/userinfo.email"]
[debug] [2026-03-12T13:56:44.083Z] > authorizing via signed-in user (mkoton100@gmail.com)
[debug] [2026-03-12T13:56:44.086Z] >>> [apiv2][query] POST https://cloudresourcemanager.googleapis.com/v1/projects/ecosystem-hub:setIamPolicy [none]
[debug] [2026-03-12T13:56:44.086Z] >>> [apiv2][body] POST https://cloudresourcemanager.googleapis.com/v1/projects/ecosystem-hub:setIamPolicy {"policy":{"version":1,"etag":"BwZM1BIyuJU=","bindings":[{"role":"roles/accessapproval.viewer","members":["user:charleskramer2211@gmail.com"]},{"role":"roles/cloudaicompanion.serviceAgent","members":["serviceAccount:service-204859518196@gcp-sa-cloudaicompanion.iam.gserviceaccount.com"]},{"role":"roles/cloudbuild.builds.builder","members":["serviceAccount:204859518196@cloudbuild.gserviceaccount.com"]},{"role":"roles/cloudbuild.serviceAgent","members":["serviceAccount:service-204859518196@gcp-sa-cloudbuild.iam.gserviceaccount.com"]},{"role":"roles/containeranalysis.ServiceAgent","members":["serviceAccount:service-204859518196@container-analysis.iam.gserviceaccount.com"]},{"role":"roles/containerregistry.ServiceAgent","members":["serviceAccount:service-204859518196@containerregistry.iam.gserviceaccount.com"]},{"role":"roles/datastore.importExportAdmin","members":["serviceAccount:ecosystem-hub-backend@ecosystem-hub.iam.gserviceaccount.com"]},{"role":"roles/datastore.user","members":["serviceAccount:ecosystem-hub-backend@ecosystem-hub.iam.gserviceaccount.com"]},{"role":"roles/developerconnect.readTokenAccessor","members":["serviceAccount:firebase-app-hosting-compute@ecosystem-hub.iam.gserviceaccount.com"]},{"role":"roles/editor","members":["serviceAccount:204859518196@cloudservices.gserviceaccount.com"]},{"role":"roles/firebase.admin","members":["serviceAccount:204859518196-compute@developer.gserviceaccount.com","serviceAccount:204859518196@cloudbuild.gserviceaccount.com"]},{"role":"roles/firebase.managementServiceAgent","members":["serviceAccount:service-204859518196@gcp-sa-firebase.iam.gserviceaccount.com"]},{"role":"roles/firebase.sdkAdminServiceAgent","members":["serviceAccount:firebase-adminsdk-fbsvc@ecosystem-hub.iam.gserviceaccount.com","serviceAccount:firebase-app-hosting-compute@ecosystem-hub.iam.gserviceaccount.com"]},{"role":"roles/firebaseappcheck.admin","members":["serviceAccount:firebase-adminsdk-fbsvc@ecosystem-hub.iam.gserviceaccount.com"]},{"role":"roles/firebaseapphosting.computeRunner","members":["serviceAccount:firebase-app-hosting-compute@ecosystem-hub.iam.gserviceaccount.com"]},{"role":"roles/firebaseauth.admin","members":["serviceAccount:firebase-adminsdk-fbsvc@ecosystem-hub.iam.gserviceaccount.com"]},{"role":"roles/firebasedatabase.admin","members":["serviceAccount:firebase-adminsdk-fbsvc@ecosystem-hub.iam.gserviceaccount.com"]},{"role":"roles/firebasemods.serviceAgent","members":["serviceAccount:service-204859518196@gcp-sa-firebasemods.iam.gserviceaccount.com"]},{"role":"roles/firebaserules.system","members":["serviceAccount:service-204859518196@firebase-rules.iam.gserviceaccount.com"]},{"role":"roles/firebasestorage.serviceAgent","members":["serviceAccount:service-204859518196@gcp-sa-firebasestorage.iam.gserviceaccount.com"]},{"role":"roles/firestore.serviceAgent","members":["serviceAccount:service-204859518196@gcp-sa-firestore.iam.gserviceaccount.com"]},{"role":"roles/iam.serviceAccountTokenCreator","members":["serviceAccount:firebase-adminsdk-fbsvc@ecosystem-hub.iam.gserviceaccount.com"]},{"role":"roles/iam.serviceAccountUser","members":["serviceAccount:204859518196@cloudbuild.gserviceaccount.com","serviceAccount:ecosystem-hub-backend@ecosystem-hub.iam.gserviceaccount.com","serviceAccount:firebase-adminsdk-fbsvc@ecosystem-hub.iam.gserviceaccount.com"]},{"role":"roles/logging.configWriter","members":["serviceAccount:204859518196@cloudbuild.gserviceaccount.com"]},{"role":"roles/logging.logWriter","members":["serviceAccount:204859518196-compute@developer.gserviceaccount.com"]},{"role":"roles/owner","members":["user:mkoton100@gmail.com"]},{"role":"roles/run.admin","members":["serviceAccount:204859518196@cloudbuild.gserviceaccount.com"]},{"role":"roles/run.serviceAgent","members":["serviceAccount:service-204859518196@serverless-robot-prod.iam.gserviceaccount.com"]},{"role":"roles/serviceusage.serviceUsageConsumer","members":["serviceAccount:firebase-adminsdk-fbsvc@ecosystem-hub.iam.gserviceaccount.com"]},{"role":"roles/storage.admin","members":["serviceAccount:204859518196-compute@developer.gserviceaccount.com","serviceAccount:204859518196@cloudbuild.gserviceaccount.com","serviceAccount:ecosystem-hub-backend@ecosystem-hub.iam.gserviceaccount.com","serviceAccount:firebase-adminsdk-fbsvc@ecosystem-hub.iam.gserviceaccount.com"]},{"role":"roles/storage.objectAdmin","members":["serviceAccount:ecosystem-hub-backend@ecosystem-hub.iam.gserviceaccount.com"]},{"role":"roles/storage.objectViewer","members":["serviceAccount:firebase-app-hosting-compute@ecosystem-hub.iam.gserviceaccount.com"]},{"role":"roles/viewer","members":["user:farrelk007@gmail.com"]}]},"updateMask":"bindings"}
[debug] [2026-03-12T13:56:45.243Z] <<< [apiv2][status] POST https://cloudresourcemanager.googleapis.com/v1/projects/ecosystem-hub:setIamPolicy 200
[debug] [2026-03-12T13:56:45.244Z] <<< [apiv2][body] POST https://cloudresourcemanager.googleapis.com/v1/projects/ecosystem-hub:setIamPolicy {"version":1,"etag":"BwZM1B96GA0=","bindings":[{"role":"roles/accessapproval.viewer","members":["user:charleskramer2211@gmail.com"]},{"role":"roles/cloudaicompanion.serviceAgent","members":["serviceAccount:service-204859518196@gcp-sa-cloudaicompanion.iam.gserviceaccount.com"]},{"role":"roles/cloudbuild.builds.builder","members":["serviceAccount:204859518196@cloudbuild.gserviceaccount.com"]},{"role":"roles/cloudbuild.serviceAgent","members":["serviceAccount:service-204859518196@gcp-sa-cloudbuild.iam.gserviceaccount.com"]},{"role":"roles/containeranalysis.ServiceAgent","members":["serviceAccount:service-204859518196@container-analysis.iam.gserviceaccount.com"]},{"role":"roles/containerregistry.ServiceAgent","members":["serviceAccount:service-204859518196@containerregistry.iam.gserviceaccount.com"]},{"role":"roles/datastore.importExportAdmin","members":["serviceAccount:ecosystem-hub-backend@ecosystem-hub.iam.gserviceaccount.com"]},{"role":"roles/datastore.user","members":["serviceAccount:ecosystem-hub-backend@ecosystem-hub.iam.gserviceaccount.com"]},{"role":"roles/developerconnect.readTokenAccessor","members":["serviceAccount:firebase-app-hosting-compute@ecosystem-hub.iam.gserviceaccount.com"]},{"role":"roles/editor","members":["serviceAccount:204859518196@cloudservices.gserviceaccount.com"]},{"role":"roles/firebase.admin","members":["serviceAccount:204859518196-compute@developer.gserviceaccount.com","serviceAccount:204859518196@cloudbuild.gserviceaccount.com"]},{"role":"roles/firebase.managementServiceAgent","members":["serviceAccount:service-204859518196@gcp-sa-firebase.iam.gserviceaccount.com"]},{"role":"roles/firebase.sdkAdminServiceAgent","members":["serviceAccount:firebase-adminsdk-fbsvc@ecosystem-hub.iam.gserviceaccount.com","serviceAccount:firebase-app-hosting-compute@ecosystem-hub.iam.gserviceaccount.com"]},{"role":"roles/firebaseappcheck.admin","members":["serviceAccount:firebase-adminsdk-fbsvc@ecosystem-hub.iam.gserviceaccount.com"]},{"role":"roles/firebaseapphosting.computeRunner","members":["serviceAccount:firebase-app-hosting-compute@ecosystem-hub.iam.gserviceaccount.com"]},{"role":"roles/firebaseauth.admin","members":["serviceAccount:firebase-adminsdk-fbsvc@ecosystem-hub.iam.gserviceaccount.com"]},{"role":"roles/firebasedatabase.admin","members":["serviceAccount:firebase-adminsdk-fbsvc@ecosystem-hub.iam.gserviceaccount.com"]},{"role":"roles/firebasemods.serviceAgent","members":["serviceAccount:service-204859518196@gcp-sa-firebasemods.iam.gserviceaccount.com"]},{"role":"roles/firebaserules.system","members":["serviceAccount:service-204859518196@firebase-rules.iam.gserviceaccount.com"]},{"role":"roles/firebasestorage.serviceAgent","members":["serviceAccount:service-204859518196@gcp-sa-firebasestorage.iam.gserviceaccount.com"]},{"role":"roles/firestore.serviceAgent","members":["serviceAccount:service-204859518196@gcp-sa-firestore.iam.gserviceaccount.com"]},{"role":"roles/iam.serviceAccountTokenCreator","members":["serviceAccount:firebase-adminsdk-fbsvc@ecosystem-hub.iam.gserviceaccount.com"]},{"role":"roles/iam.serviceAccountUser","members":["serviceAccount:204859518196@cloudbuild.gserviceaccount.com","serviceAccount:ecosystem-hub-backend@ecosystem-hub.iam.gserviceaccount.com","serviceAccount:firebase-adminsdk-fbsvc@ecosystem-hub.iam.gserviceaccount.com"]},{"role":"roles/logging.configWriter","members":["serviceAccount:204859518196@cloudbuild.gserviceaccount.com"]},{"role":"roles/logging.logWriter","members":["serviceAccount:204859518196-compute@developer.gserviceaccount.com"]},{"role":"roles/owner","members":["user:mkoton100@gmail.com"]},{"role":"roles/run.admin","members":["serviceAccount:204859518196@cloudbuild.gserviceaccount.com"]},{"role":"roles/run.serviceAgent","members":["serviceAccount:service-204859518196@serverless-robot-prod.iam.gserviceaccount.com"]},{"role":"roles/serviceusage.serviceUsageConsumer","members":["serviceAccount:firebase-adminsdk-fbsvc@ecosystem-hub.iam.gserviceaccount.com"]},{"role":"roles/storage.admin","members":["serviceAccount:204859518196-compute@developer.gserviceaccount.com","serviceAccount:204859518196@cloudbuild.gserviceaccount.com","serviceAccount:ecosystem-hub-backend@ecosystem-hub.iam.gserviceaccount.com","serviceAccount:firebase-adminsdk-fbsvc@ecosystem-hub.iam.gserviceaccount.com"]},{"role":"roles/storage.objectAdmin","members":["serviceAccount:ecosystem-hub-backend@ecosystem-hub.iam.gserviceaccount.com"]},{"role":"roles/storage.objectViewer","members":["serviceAccount:firebase-app-hosting-compute@ecosystem-hub.iam.gserviceaccount.com"]},{"role":"roles/viewer","members":["user:farrelk007@gmail.com"]}]}
[debug] [2026-03-12T13:56:45.247Z] No OAuth tokens found
[debug] [2026-03-12T13:56:45.247Z] No OAuth tokens found
[debug] [2026-03-12T13:56:45.251Z] > command requires scopes: ["email","openid","https://www.googleapis.com/auth/cloudplatformprojects.readonly","https://www.googleapis.com/auth/firebase","https://www.googleapis.com/auth/cloud-platform","https://www.googleapis.com/auth/userinfo.email"]
[debug] [2026-03-12T13:56:45.251Z] > authorizing via signed-in user (mkoton100@gmail.com)
[debug] [2026-03-12T13:56:45.252Z] >>> [apiv2][query] GET https://firebaseapphosting.googleapis.com/v1beta/projects/ecosystem-hub/locations/-/backends 
[debug] [2026-03-12T13:56:45.873Z] <<< [apiv2][status] GET https://firebaseapphosting.googleapis.com/v1beta/projects/ecosystem-hub/locations/-/backends 200
[debug] [2026-03-12T13:56:45.874Z] <<< [apiv2][body] GET https://firebaseapphosting.googleapis.com/v1beta/projects/ecosystem-hub/locations/-/backends {}
[debug] [2026-03-12T13:56:49.187Z] TypeError: Cannot read properties of undefined (reading 'name')
    at /nix/store/gm9mcvzb17vv8cla08khrg29vxn3sq4r-firebase-tools-15.1.0/lib/node_modules/firebase-tools/node_modules/@inquirer/checkbox/dist/commonjs/index.js:51:29
    at Array.map (<anonymous>)
    at normalizeChoices (/nix/store/gm9mcvzb17vv8cla08khrg29vxn3sq4r-firebase-tools-15.1.0/lib/node_modules/firebase-tools/node_modules/@inquirer/checkbox/dist/commonjs/index.js:39:20)
    at /nix/store/gm9mcvzb17vv8cla08khrg29vxn3sq4r-firebase-tools-15.1.0/lib/node_modules/firebase-tools/node_modules/@inquirer/checkbox/dist/commonjs/index.js:69:52
    at /nix/store/gm9mcvzb17vv8cla08khrg29vxn3sq4r-firebase-tools-15.1.0/lib/node_modules/firebase-tools/node_modules/@inquirer/core/dist/commonjs/lib/create-prompt.js:113:38
    at store.handleChange (/nix/store/gm9mcvzb17vv8cla08khrg29vxn3sq4r-firebase-tools-15.1.0/lib/node_modules/firebase-tools/node_modules/@inquirer/core/dist/commonjs/lib/hook-engine.js:31:17)
    at cycle (/nix/store/gm9mcvzb17vv8cla08khrg29vxn3sq4r-firebase-tools-15.1.0/lib/node_modules/firebase-tools/node_modules/@inquirer/core/dist/commonjs/lib/hook-engine.js:33:19)
    at /nix/store/gm9mcvzb17vv8cla08khrg29vxn3sq4r-firebase-tools-15.1.0/lib/node_modules/firebase-tools/node_modules/@inquirer/core/dist/commonjs/lib/create-prompt.js:111:13
    at /nix/store/gm9mcvzb17vv8cla08khrg29vxn3sq4r-firebase-tools-15.1.0/lib/node_modules/firebase-tools/node_modules/@inquirer/core/dist/commonjs/lib/hook-engine.js:35:16
    at AsyncLocalStorage.run (node:async_hooks:346:14)
[error] 
[error] Error: An unexpected error has occurred.
[debug] [2026-03-12T14:09:12.734Z] ----------------------------------------------------------------------
[debug] [2026-03-12T14:09:12.738Z] Command:       /nix/store/ws50yvm6vzlzf7jzz6n7xh4szddrack1-nodejs-20.19.1/bin/node /nix/store/gm9mcvzb17vv8cla08khrg29vxn3sq4r-firebase-tools-15.1.0/lib/node_modules/firebase-tools/lib/bin/firebase.js deploy --only apphosting
[debug] [2026-03-12T14:09:12.739Z] CLI Version:   15.1.0
[debug] [2026-03-12T14:09:12.740Z] Platform:      linux
[debug] [2026-03-12T14:09:12.740Z] Node Version:  v20.19.1
[debug] [2026-03-12T14:09:12.740Z] Time:          Thu Mar 12 2026 14:09:12 GMT+0000 (Coordinated Universal Time)
[debug] [2026-03-12T14:09:12.740Z] ----------------------------------------------------------------------
[debug] 
[debug] [2026-03-12T14:09:14.743Z] Object "/apphosting" in "firebase.json" is missing required property: {"missingProperty":"backendId"}
[debug] [2026-03-12T14:09:14.744Z] Field "/apphosting" in "firebase.json" is possibly invalid: must be array
[debug] [2026-03-12T14:09:14.744Z] Field "/apphosting" in "firebase.json" is possibly invalid: must match a schema in anyOf
[debug] [2026-03-12T14:09:14.750Z] No OAuth tokens found
[debug] [2026-03-12T14:09:14.751Z] No OAuth tokens found
[error] Failed to fetch Firebase Project from current Studio Workspace: Unable to refresh auth: not yet authenticated.
[debug] [2026-03-12T14:09:14.759Z] > command requires scopes: ["email","openid","https://www.googleapis.com/auth/cloudplatformprojects.readonly","https://www.googleapis.com/auth/firebase","https://www.googleapis.com/auth/cloud-platform","https://www.googleapis.com/auth/userinfo.email"]
[debug] [2026-03-12T14:09:14.760Z] > authorizing via signed-in user (mkoton100@gmail.com)
[debug] [2026-03-12T14:09:14.760Z] [iam] checking project ecosystem-hub for permissions ["firebase.projects.get",null]
[debug] [2026-03-12T14:09:14.761Z] No OAuth tokens found
[debug] [2026-03-12T14:09:14.761Z] No OAuth tokens found
[debug] [2026-03-12T14:09:14.762Z] > command requires scopes: ["email","openid","https://www.googleapis.com/auth/cloudplatformprojects.readonly","https://www.googleapis.com/auth/firebase","https://www.googleapis.com/auth/cloud-platform","https://www.googleapis.com/auth/userinfo.email"]
[debug] [2026-03-12T14:09:14.762Z] > authorizing via signed-in user (mkoton100@gmail.com)
[debug] [2026-03-12T14:09:14.765Z] >>> [apiv2][query] POST https://cloudresourcemanager.googleapis.com/v1/projects/ecosystem-hub:testIamPermissions [none]
[debug] [2026-03-12T14:09:14.765Z] >>> [apiv2][(partial)header] POST https://cloudresourcemanager.googleapis.com/v1/projects/ecosystem-hub:testIamPermissions x-goog-quota-user=projects/ecosystem-hub
[debug] [2026-03-12T14:09:14.766Z] >>> [apiv2][body] POST https://cloudresourcemanager.googleapis.com/v1/projects/ecosystem-hub:testIamPermissions {"permissions":["firebase.projects.get",null]}
[debug] [2026-03-12T14:09:15.040Z] <<< [apiv2][status] POST https://cloudresourcemanager.googleapis.com/v1/projects/ecosystem-hub:testIamPermissions 200
[debug] [2026-03-12T14:09:15.040Z] <<< [apiv2][body] POST https://cloudresourcemanager.googleapis.com/v1/projects/ecosystem-hub:testIamPermissions {"permissions":["firebase.projects.get"]}
[debug] [2026-03-12T14:09:15.041Z] [iam] error while checking permissions, command may fail: Authorization failed. This account is missing the following required permissions on project ecosystem-hub:

  
[info] 
[info] === Deploying to 'ecosystem-hub'...
[info] 
[info] i  deploying apphosting 
[debug] [2026-03-12T14:09:15.053Z] No OAuth tokens found
[debug] [2026-03-12T14:09:15.054Z] No OAuth tokens found
[debug] [2026-03-12T14:09:15.054Z] > command requires scopes: ["email","openid","https://www.googleapis.com/auth/cloudplatformprojects.readonly","https://www.googleapis.com/auth/firebase","https://www.googleapis.com/auth/cloud-platform","https://www.googleapis.com/auth/userinfo.email"]
[debug] [2026-03-12T14:09:15.054Z] > authorizing via signed-in user (mkoton100@gmail.com)
[debug] [2026-03-12T14:09:15.054Z] >>> [apiv2][query] POST https://iam.googleapis.com/v1/projects/ecosystem-hub/serviceAccounts/firebase-app-hosting-compute@ecosystem-hub.iam.gserviceaccount.com:testIamPermissions [none]
[debug] [2026-03-12T14:09:15.054Z] >>> [apiv2][(partial)header] POST https://iam.googleapis.com/v1/projects/ecosystem-hub/serviceAccounts/firebase-app-hosting-compute@ecosystem-hub.iam.gserviceaccount.com:testIamPermissions x-goog-quota-user=projects/ecosystem-hub
[debug] [2026-03-12T14:09:15.054Z] >>> [apiv2][body] POST https://iam.googleapis.com/v1/projects/ecosystem-hub/serviceAccounts/firebase-app-hosting-compute@ecosystem-hub.iam.gserviceaccount.com:testIamPermissions {"permissions":["iam.serviceAccounts.actAs"]}
[debug] [2026-03-12T14:09:15.957Z] <<< [apiv2][status] POST https://iam.googleapis.com/v1/projects/ecosystem-hub/serviceAccounts/firebase-app-hosting-compute@ecosystem-hub.iam.gserviceaccount.com:testIamPermissions 200
[debug] [2026-03-12T14:09:15.958Z] <<< [apiv2][body] POST https://iam.googleapis.com/v1/projects/ecosystem-hub/serviceAccounts/firebase-app-hosting-compute@ecosystem-hub.iam.gserviceaccount.com:testIamPermissions {"permissions":["iam.serviceAccounts.actAs"]}
[debug] [2026-03-12T14:09:15.960Z] No OAuth tokens found
[debug] [2026-03-12T14:09:15.961Z] No OAuth tokens found
[debug] [2026-03-12T14:09:15.961Z] > command requires scopes: ["email","openid","https://www.googleapis.com/auth/cloudplatformprojects.readonly","https://www.googleapis.com/auth/firebase","https://www.googleapis.com/auth/cloud-platform","https://www.googleapis.com/auth/userinfo.email"]
[debug] [2026-03-12T14:09:15.961Z] > authorizing via signed-in user (mkoton100@gmail.com)
[debug] [2026-03-12T14:09:15.961Z] >>> [apiv2][query] POST https://iam.googleapis.com/v1/projects/ecosystem-hub/serviceAccounts [none]
[debug] [2026-03-12T14:09:15.961Z] >>> [apiv2][body] POST https://iam.googleapis.com/v1/projects/ecosystem-hub/serviceAccounts {"accountId":"firebase-app-hosting-compute","serviceAccount":{"displayName":"Firebase App Hosting compute service account","description":"Default service account used to run builds and deploys for Firebase App Hosting"}}
[debug] [2026-03-12T14:09:16.407Z] <<< [apiv2][status] POST https://iam.googleapis.com/v1/projects/ecosystem-hub/serviceAccounts 409
[debug] [2026-03-12T14:09:16.408Z] <<< [apiv2][body] POST https://iam.googleapis.com/v1/projects/ecosystem-hub/serviceAccounts [omitted]
[debug] [2026-03-12T14:09:16.410Z] No OAuth tokens found
[debug] [2026-03-12T14:09:16.410Z] No OAuth tokens found
[debug] [2026-03-12T14:09:16.410Z] > command requires scopes: ["email","openid","https://www.googleapis.com/auth/cloudplatformprojects.readonly","https://www.googleapis.com/auth/firebase","https://www.googleapis.com/auth/cloud-platform","https://www.googleapis.com/auth/userinfo.email"]
[debug] [2026-03-12T14:09:16.411Z] > authorizing via signed-in user (mkoton100@gmail.com)
[debug] [2026-03-12T14:09:16.411Z] >>> [apiv2][query] POST https://cloudresourcemanager.googleapis.com/v1/projects/ecosystem-hub:getIamPolicy [none]
[debug] [2026-03-12T14:09:16.710Z] <<< [apiv2][status] POST https://cloudresourcemanager.googleapis.com/v1/projects/ecosystem-hub:getIamPolicy 200
[debug] [2026-03-12T14:09:16.711Z] <<< [apiv2][body] POST https://cloudresourcemanager.googleapis.com/v1/projects/ecosystem-hub:getIamPolicy {"version":1,"etag":"BwZM1DOqA9M=","bindings":[{"role":"roles/accessapproval.viewer","members":["user:charleskramer2211@gmail.com"]},{"role":"roles/cloudaicompanion.serviceAgent","members":["serviceAccount:service-204859518196@gcp-sa-cloudaicompanion.iam.gserviceaccount.com"]},{"role":"roles/cloudbuild.builds.builder","members":["serviceAccount:204859518196@cloudbuild.gserviceaccount.com"]},{"role":"roles/cloudbuild.serviceAgent","members":["serviceAccount:service-204859518196@gcp-sa-cloudbuild.iam.gserviceaccount.com"]},{"role":"roles/containeranalysis.ServiceAgent","members":["serviceAccount:service-204859518196@container-analysis.iam.gserviceaccount.com"]},{"role":"roles/containerregistry.ServiceAgent","members":["serviceAccount:service-204859518196@containerregistry.iam.gserviceaccount.com"]},{"role":"roles/datastore.importExportAdmin","members":["serviceAccount:ecosystem-hub-backend@ecosystem-hub.iam.gserviceaccount.com"]},{"role":"roles/datastore.user","members":["serviceAccount:ecosystem-hub-backend@ecosystem-hub.iam.gserviceaccount.com"]},{"role":"roles/developerconnect.readTokenAccessor","members":["serviceAccount:firebase-app-hosting-compute@ecosystem-hub.iam.gserviceaccount.com"]},{"role":"roles/editor","members":["serviceAccount:204859518196@cloudservices.gserviceaccount.com"]},{"role":"roles/firebase.admin","members":["serviceAccount:204859518196-compute@developer.gserviceaccount.com","serviceAccount:204859518196@cloudbuild.gserviceaccount.com"]},{"role":"roles/firebase.managementServiceAgent","members":["serviceAccount:service-204859518196@gcp-sa-firebase.iam.gserviceaccount.com"]},{"role":"roles/firebase.sdkAdminServiceAgent","members":["serviceAccount:firebase-adminsdk-fbsvc@ecosystem-hub.iam.gserviceaccount.com","serviceAccount:firebase-app-hosting-compute@ecosystem-hub.iam.gserviceaccount.com"]},{"role":"roles/firebaseappcheck.admin","members":["serviceAccount:firebase-adminsdk-fbsvc@ecosystem-hub.iam.gserviceaccount.com"]},{"role":"roles/firebaseapphosting.admin","members":["serviceAccount:204859518196-compute@developer.gserviceaccount.com"]},{"role":"roles/firebaseapphosting.computeRunner","members":["serviceAccount:firebase-app-hosting-compute@ecosystem-hub.iam.gserviceaccount.com"]},{"role":"roles/firebaseauth.admin","members":["serviceAccount:firebase-adminsdk-fbsvc@ecosystem-hub.iam.gserviceaccount.com"]},{"role":"roles/firebasedatabase.admin","members":["serviceAccount:firebase-adminsdk-fbsvc@ecosystem-hub.iam.gserviceaccount.com"]},{"role":"roles/firebasemods.serviceAgent","members":["serviceAccount:service-204859518196@gcp-sa-firebasemods.iam.gserviceaccount.com"]},{"role":"roles/firebaserules.system","members":["serviceAccount:service-204859518196@firebase-rules.iam.gserviceaccount.com"]},{"role":"roles/firebasestorage.serviceAgent","members":["serviceAccount:service-204859518196@gcp-sa-firebasestorage.iam.gserviceaccount.com"]},{"role":"roles/firestore.serviceAgent","members":["serviceAccount:service-204859518196@gcp-sa-firestore.iam.gserviceaccount.com"]},{"role":"roles/iam.serviceAccountTokenCreator","members":["serviceAccount:firebase-adminsdk-fbsvc@ecosystem-hub.iam.gserviceaccount.com"]},{"role":"roles/iam.serviceAccountUser","members":["serviceAccount:204859518196@cloudbuild.gserviceaccount.com","serviceAccount:ecosystem-hub-backend@ecosystem-hub.iam.gserviceaccount.com","serviceAccount:firebase-adminsdk-fbsvc@ecosystem-hub.iam.gserviceaccount.com"]},{"role":"roles/logging.configWriter","members":["serviceAccount:204859518196@cloudbuild.gserviceaccount.com"]},{"role":"roles/logging.logWriter","members":["serviceAccount:204859518196-compute@developer.gserviceaccount.com"]},{"role":"roles/owner","members":["user:mkoton100@gmail.com"]},{"role":"roles/run.admin","members":["serviceAccount:204859518196@cloudbuild.gserviceaccount.com"]},{"role":"roles/run.serviceAgent","members":["serviceAccount:service-204859518196@serverless-robot-prod.iam.gserviceaccount.com"]},{"role":"roles/serviceusage.serviceUsageConsumer","members":["serviceAccount:firebase-adminsdk-fbsvc@ecosystem-hub.iam.gserviceaccount.com"]},{"role":"roles/storage.admin","members":["serviceAccount:204859518196-compute@developer.gserviceaccount.com","serviceAccount:204859518196@cloudbuild.gserviceaccount.com","serviceAccount:ecosystem-hub-backend@ecosystem-hub.iam.gserviceaccount.com","serviceAccount:firebase-adminsdk-fbsvc@ecosystem-hub.iam.gserviceaccount.com"]},{"role":"roles/storage.objectAdmin","members":["serviceAccount:ecosystem-hub-backend@ecosystem-hub.iam.gserviceaccount.com"]},{"role":"roles/storage.objectViewer","members":["serviceAccount:firebase-app-hosting-compute@ecosystem-hub.iam.gserviceaccount.com"]},{"role":"roles/viewer","members":["user:farrelk007@gmail.com"]}]}
[debug] [2026-03-12T14:09:16.712Z] No OAuth tokens found
[debug] [2026-03-12T14:09:16.712Z] No OAuth tokens found
[debug] [2026-03-12T14:09:16.712Z] > command requires scopes: ["email","openid","https://www.googleapis.com/auth/cloudplatformprojects.readonly","https://www.googleapis.com/auth/firebase","https://www.googleapis.com/auth/cloud-platform","https://www.googleapis.com/auth/userinfo.email"]
[debug] [2026-03-12T14:09:16.713Z] > authorizing via signed-in user (mkoton100@gmail.com)
[debug] [2026-03-12T14:09:16.713Z] >>> [apiv2][query] POST https://cloudresourcemanager.googleapis.com/v1/projects/ecosystem-hub:setIamPolicy [none]
[debug] [2026-03-12T14:09:16.713Z] >>> [apiv2][body] POST https://cloudresourcemanager.googleapis.com/v1/projects/ecosystem-hub:setIamPolicy {"policy":{"version":1,"etag":"BwZM1DOqA9M=","bindings":[{"role":"roles/accessapproval.viewer","members":["user:charleskramer2211@gmail.com"]},{"role":"roles/cloudaicompanion.serviceAgent","members":["serviceAccount:service-204859518196@gcp-sa-cloudaicompanion.iam.gserviceaccount.com"]},{"role":"roles/cloudbuild.builds.builder","members":["serviceAccount:204859518196@cloudbuild.gserviceaccount.com"]},{"role":"roles/cloudbuild.serviceAgent","members":["serviceAccount:service-204859518196@gcp-sa-cloudbuild.iam.gserviceaccount.com"]},{"role":"roles/containeranalysis.ServiceAgent","members":["serviceAccount:service-204859518196@container-analysis.iam.gserviceaccount.com"]},{"role":"roles/containerregistry.ServiceAgent","members":["serviceAccount:service-204859518196@containerregistry.iam.gserviceaccount.com"]},{"role":"roles/datastore.importExportAdmin","members":["serviceAccount:ecosystem-hub-backend@ecosystem-hub.iam.gserviceaccount.com"]},{"role":"roles/datastore.user","members":["serviceAccount:ecosystem-hub-backend@ecosystem-hub.iam.gserviceaccount.com"]},{"role":"roles/developerconnect.readTokenAccessor","members":["serviceAccount:firebase-app-hosting-compute@ecosystem-hub.iam.gserviceaccount.com"]},{"role":"roles/editor","members":["serviceAccount:204859518196@cloudservices.gserviceaccount.com"]},{"role":"roles/firebase.admin","members":["serviceAccount:204859518196-compute@developer.gserviceaccount.com","serviceAccount:204859518196@cloudbuild.gserviceaccount.com"]},{"role":"roles/firebase.managementServiceAgent","members":["serviceAccount:service-204859518196@gcp-sa-firebase.iam.gserviceaccount.com"]},{"role":"roles/firebase.sdkAdminServiceAgent","members":["serviceAccount:firebase-adminsdk-fbsvc@ecosystem-hub.iam.gserviceaccount.com","serviceAccount:firebase-app-hosting-compute@ecosystem-hub.iam.gserviceaccount.com"]},{"role":"roles/firebaseappcheck.admin","members":["serviceAccount:firebase-adminsdk-fbsvc@ecosystem-hub.iam.gserviceaccount.com"]},{"role":"roles/firebaseapphosting.admin","members":["serviceAccount:204859518196-compute@developer.gserviceaccount.com"]},{"role":"roles/firebaseapphosting.computeRunner","members":["serviceAccount:firebase-app-hosting-compute@ecosystem-hub.iam.gserviceaccount.com"]},{"role":"roles/firebaseauth.admin","members":["serviceAccount:firebase-adminsdk-fbsvc@ecosystem-hub.iam.gserviceaccount.com"]},{"role":"roles/firebasedatabase.admin","members":["serviceAccount:firebase-adminsdk-fbsvc@ecosystem-hub.iam.gserviceaccount.com"]},{"role":"roles/firebasemods.serviceAgent","members":["serviceAccount:service-204859518196@gcp-sa-firebasemods.iam.gserviceaccount.com"]},{"role":"roles/firebaserules.system","members":["serviceAccount:service-204859518196@firebase-rules.iam.gserviceaccount.com"]},{"role":"roles/firebasestorage.serviceAgent","members":["serviceAccount:service-204859518196@gcp-sa-firebasestorage.iam.gserviceaccount.com"]},{"role":"roles/firestore.serviceAgent","members":["serviceAccount:service-204859518196@gcp-sa-firestore.iam.gserviceaccount.com"]},{"role":"roles/iam.serviceAccountTokenCreator","members":["serviceAccount:firebase-adminsdk-fbsvc@ecosystem-hub.iam.gserviceaccount.com"]},{"role":"roles/iam.serviceAccountUser","members":["serviceAccount:204859518196@cloudbuild.gserviceaccount.com","serviceAccount:ecosystem-hub-backend@ecosystem-hub.iam.gserviceaccount.com","serviceAccount:firebase-adminsdk-fbsvc@ecosystem-hub.iam.gserviceaccount.com"]},{"role":"roles/logging.configWriter","members":["serviceAccount:204859518196@cloudbuild.gserviceaccount.com"]},{"role":"roles/logging.logWriter","members":["serviceAccount:204859518196-compute@developer.gserviceaccount.com"]},{"role":"roles/owner","members":["user:mkoton100@gmail.com"]},{"role":"roles/run.admin","members":["serviceAccount:204859518196@cloudbuild.gserviceaccount.com"]},{"role":"roles/run.serviceAgent","members":["serviceAccount:service-204859518196@serverless-robot-prod.iam.gserviceaccount.com"]},{"role":"roles/serviceusage.serviceUsageConsumer","members":["serviceAccount:firebase-adminsdk-fbsvc@ecosystem-hub.iam.gserviceaccount.com"]},{"role":"roles/storage.admin","members":["serviceAccount:204859518196-compute@developer.gserviceaccount.com","serviceAccount:204859518196@cloudbuild.gserviceaccount.com","serviceAccount:ecosystem-hub-backend@ecosystem-hub.iam.gserviceaccount.com","serviceAccount:firebase-adminsdk-fbsvc@ecosystem-hub.iam.gserviceaccount.com"]},{"role":"roles/storage.objectAdmin","members":["serviceAccount:ecosystem-hub-backend@ecosystem-hub.iam.gserviceaccount.com"]},{"role":"roles/storage.objectViewer","members":["serviceAccount:firebase-app-hosting-compute@ecosystem-hub.iam.gserviceaccount.com"]},{"role":"roles/viewer","members":["user:farrelk007@gmail.com"]}]},"updateMask":"bindings"}
[debug] [2026-03-12T14:09:18.048Z] <<< [apiv2][status] POST https://cloudresourcemanager.googleapis.com/v1/projects/ecosystem-hub:setIamPolicy 200
[debug] [2026-03-12T14:09:18.048Z] <<< [apiv2][body] POST https://cloudresourcemanager.googleapis.com/v1/projects/ecosystem-hub:setIamPolicy {"version":1,"etag":"BwZM1ExZE3M=","bindings":[{"role":"roles/accessapproval.viewer","members":["user:charleskramer2211@gmail.com"]},{"role":"roles/cloudaicompanion.serviceAgent","members":["serviceAccount:service-204859518196@gcp-sa-cloudaicompanion.iam.gserviceaccount.com"]},{"role":"roles/cloudbuild.builds.builder","members":["serviceAccount:204859518196@cloudbuild.gserviceaccount.com"]},{"role":"roles/cloudbuild.serviceAgent","members":["serviceAccount:service-204859518196@gcp-sa-cloudbuild.iam.gserviceaccount.com"]},{"role":"roles/containeranalysis.ServiceAgent","members":["serviceAccount:service-204859518196@container-analysis.iam.gserviceaccount.com"]},{"role":"roles/containerregistry.ServiceAgent","members":["serviceAccount:service-204859518196@containerregistry.iam.gserviceaccount.com"]},{"role":"roles/datastore.importExportAdmin","members":["serviceAccount:ecosystem-hub-backend@ecosystem-hub.iam.gserviceaccount.com"]},{"role":"roles/datastore.user","members":["serviceAccount:ecosystem-hub-backend@ecosystem-hub.iam.gserviceaccount.com"]},{"role":"roles/developerconnect.readTokenAccessor","members":["serviceAccount:firebase-app-hosting-compute@ecosystem-hub.iam.gserviceaccount.com"]},{"role":"roles/editor","members":["serviceAccount:204859518196@cloudservices.gserviceaccount.com"]},{"role":"roles/firebase.admin","members":["serviceAccount:204859518196-compute@developer.gserviceaccount.com","serviceAccount:204859518196@cloudbuild.gserviceaccount.com"]},{"role":"roles/firebase.managementServiceAgent","members":["serviceAccount:service-204859518196@gcp-sa-firebase.iam.gserviceaccount.com"]},{"role":"roles/firebase.sdkAdminServiceAgent","members":["serviceAccount:firebase-adminsdk-fbsvc@ecosystem-hub.iam.gserviceaccount.com","serviceAccount:firebase-app-hosting-compute@ecosystem-hub.iam.gserviceaccount.com"]},{"role":"roles/firebaseappcheck.admin","members":["serviceAccount:firebase-adminsdk-fbsvc@ecosystem-hub.iam.gserviceaccount.com"]},{"role":"roles/firebaseapphosting.admin","members":["serviceAccount:204859518196-compute@developer.gserviceaccount.com"]},{"role":"roles/firebaseapphosting.computeRunner","members":["serviceAccount:firebase-app-hosting-compute@ecosystem-hub.iam.gserviceaccount.com"]},{"role":"roles/firebaseauth.admin","members":["serviceAccount:firebase-adminsdk-fbsvc@ecosystem-hub.iam.gserviceaccount.com"]},{"role":"roles/firebasedatabase.admin","members":["serviceAccount:firebase-adminsdk-fbsvc@ecosystem-hub.iam.gserviceaccount.com"]},{"role":"roles/firebasemods.serviceAgent","members":["serviceAccount:service-204859518196@gcp-sa-firebasemods.iam.gserviceaccount.com"]},{"role":"roles/firebaserules.system","members":["serviceAccount:service-204859518196@firebase-rules.iam.gserviceaccount.com"]},{"role":"roles/firebasestorage.serviceAgent","members":["serviceAccount:service-204859518196@gcp-sa-firebasestorage.iam.gserviceaccount.com"]},{"role":"roles/firestore.serviceAgent","members":["serviceAccount:service-204859518196@gcp-sa-firestore.iam.gserviceaccount.com"]},{"role":"roles/iam.serviceAccountTokenCreator","members":["serviceAccount:firebase-adminsdk-fbsvc@ecosystem-hub.iam.gserviceaccount.com"]},{"role":"roles/iam.serviceAccountUser","members":["serviceAccount:204859518196@cloudbuild.gserviceaccount.com","serviceAccount:ecosystem-hub-backend@ecosystem-hub.iam.gserviceaccount.com","serviceAccount:firebase-adminsdk-fbsvc@ecosystem-hub.iam.gserviceaccount.com"]},{"role":"roles/logging.configWriter","members":["serviceAccount:204859518196@cloudbuild.gserviceaccount.com"]},{"role":"roles/logging.logWriter","members":["serviceAccount:204859518196-compute@developer.gserviceaccount.com"]},{"role":"roles/owner","members":["user:mkoton100@gmail.com"]},{"role":"roles/run.admin","members":["serviceAccount:204859518196@cloudbuild.gserviceaccount.com"]},{"role":"roles/run.serviceAgent","members":["serviceAccount:service-204859518196@serverless-robot-prod.iam.gserviceaccount.com"]},{"role":"roles/serviceusage.serviceUsageConsumer","members":["serviceAccount:firebase-adminsdk-fbsvc@ecosystem-hub.iam.gserviceaccount.com"]},{"role":"roles/storage.admin","members":["serviceAccount:204859518196-compute@developer.gserviceaccount.com","serviceAccount:204859518196@cloudbuild.gserviceaccount.com","serviceAccount:ecosystem-hub-backend@ecosystem-hub.iam.gserviceaccount.com","serviceAccount:firebase-adminsdk-fbsvc@ecosystem-hub.iam.gserviceaccount.com"]},{"role":"roles/storage.objectAdmin","members":["serviceAccount:ecosystem-hub-backend@ecosystem-hub.iam.gserviceaccount.com"]},{"role":"roles/storage.objectViewer","members":["serviceAccount:firebase-app-hosting-compute@ecosystem-hub.iam.gserviceaccount.com"]},{"role":"roles/viewer","members":["user:farrelk007@gmail.com"]}]}
[debug] [2026-03-12T14:09:18.049Z] No OAuth tokens found
[debug] [2026-03-12T14:09:18.049Z] No OAuth tokens found
[debug] [2026-03-12T14:09:18.049Z] > command requires scopes: ["email","openid","https://www.googleapis.com/auth/cloudplatformprojects.readonly","https://www.googleapis.com/auth/firebase","https://www.googleapis.com/auth/cloud-platform","https://www.googleapis.com/auth/userinfo.email"]
[debug] [2026-03-12T14:09:18.050Z] > authorizing via signed-in user (mkoton100@gmail.com)
[debug] [2026-03-12T14:09:18.053Z] >>> [apiv2][query] GET https://firebaseapphosting.googleapis.com/v1beta/projects/ecosystem-hub/locations/-/backends 
[debug] [2026-03-12T14:09:18.503Z] <<< [apiv2][status] GET https://firebaseapphosting.googleapis.com/v1beta/projects/ecosystem-hub/locations/-/backends 200
[debug] [2026-03-12T14:09:18.503Z] <<< [apiv2][body] GET https://firebaseapphosting.googleapis.com/v1beta/projects/ecosystem-hub/locations/-/backends {}
[debug] [2026-03-12T14:09:21.626Z] TypeError: Cannot read properties of undefined (reading 'name')
    at /nix/store/gm9mcvzb17vv8cla08khrg29vxn3sq4r-firebase-tools-15.1.0/lib/node_modules/firebase-tools/node_modules/@inquirer/checkbox/dist/commonjs/index.js:51:29
    at Array.map (<anonymous>)
    at normalizeChoices (/nix/store/gm9mcvzb17vv8cla08khrg29vxn3sq4r-firebase-tools-15.1.0/lib/node_modules/firebase-tools/node_modules/@inquirer/checkbox/dist/commonjs/index.js:39:20)
    at /nix/store/gm9mcvzb17vv8cla08khrg29vxn3sq4r-firebase-tools-15.1.0/lib/node_modules/firebase-tools/node_modules/@inquirer/checkbox/dist/commonjs/index.js:69:52
    at /nix/store/gm9mcvzb17vv8cla08khrg29vxn3sq4r-firebase-tools-15.1.0/lib/node_modules/firebase-tools/node_modules/@inquirer/core/dist/commonjs/lib/create-prompt.js:113:38
    at store.handleChange (/nix/store/gm9mcvzb17vv8cla08khrg29vxn3sq4r-firebase-tools-15.1.0/lib/node_modules/firebase-tools/node_modules/@inquirer/core/dist/commonjs/lib/hook-engine.js:31:17)
    at cycle (/nix/store/gm9mcvzb17vv8cla08khrg29vxn3sq4r-firebase-tools-15.1.0/lib/node_modules/firebase-tools/node_modules/@inquirer/core/dist/commonjs/lib/hook-engine.js:33:19)
    at /nix/store/gm9mcvzb17vv8cla08khrg29vxn3sq4r-firebase-tools-15.1.0/lib/node_modules/firebase-tools/node_modules/@inquirer/core/dist/commonjs/lib/create-prompt.js:111:13
    at /nix/store/gm9mcvzb17vv8cla08khrg29vxn3sq4r-firebase-tools-15.1.0/lib/node_modules/firebase-tools/node_modules/@inquirer/core/dist/commonjs/lib/hook-engine.js:35:16
    at AsyncLocalStorage.run (node:async_hooks:346:14)
[error] 
[error] Error: An unexpected error has occurred.
[debug] [2026-04-23T13:31:21.053Z] ----------------------------------------------------------------------
[debug] [2026-04-23T13:31:21.058Z] Command:       /nix/store/ws50yvm6vzlzf7jzz6n7xh4szddrack1-nodejs-20.19.1/bin/node /home/user/.global_modules/bin/firebase deploy --only apphosting
[debug] [2026-04-23T13:31:21.059Z] CLI Version:   15.9.1
[debug] [2026-04-23T13:31:21.059Z] Platform:      linux
[debug] [2026-04-23T13:31:21.059Z] Node Version:  v20.19.1
[debug] [2026-04-23T13:31:21.059Z] Time:          Thu Apr 23 2026 13:31:21 GMT+0000 (Coordinated Universal Time)
[debug] [2026-04-23T13:31:21.060Z] ----------------------------------------------------------------------
[debug] 
[debug] [2026-04-23T13:31:21.065Z] >>> [apiv2][query] GET https://firebase-public.firebaseio.com/cli.json [none]
[debug] [2026-04-23T13:31:30.874Z] Object "/apphosting" in "firebase.json" is missing required property: {"missingProperty":"backendId"}
[debug] [2026-04-23T13:31:30.875Z] Field "/apphosting" in "firebase.json" is possibly invalid: must be array
[debug] [2026-04-23T13:31:30.875Z] Field "/apphosting" in "firebase.json" is possibly invalid: must match a schema in anyOf
[debug] [2026-04-23T13:31:30.877Z] No OAuth tokens found
[debug] [2026-04-23T13:31:30.877Z] No OAuth tokens found
[error] Failed to fetch Firebase Project from current Studio Workspace: Unable to refresh auth: not yet authenticated.
[debug] [2026-04-23T13:31:30.884Z] > command requires scopes: ["email","openid","https://www.googleapis.com/auth/cloudplatformprojects.readonly","https://www.googleapis.com/auth/firebase","https://www.googleapis.com/auth/cloud-platform","https://www.googleapis.com/auth/userinfo.email"]
[debug] [2026-04-23T13:31:31.254Z] <<< [apiv2][status] GET https://firebase-public.firebaseio.com/cli.json 200
[debug] [2026-04-23T13:31:31.254Z] <<< [apiv2][body] GET https://firebase-public.firebaseio.com/cli.json {"cloudBuildErrorAfter":1594252800000,"cloudBuildWarnAfter":1590019200000,"defaultNode10After":1594252800000,"minVersion":"3.0.5","node8DeploysDisabledAfter":1613390400000,"node8RuntimeDisabledAfter":1615809600000,"node8WarnAfter":1600128000000}
[debug] [2026-04-23T13:31:46.168Z] Running auto auth
[debug] [2026-04-23T13:31:46.216Z] [iam] checking project ecosystem-hub for permissions ["firebase.projects.get"]
[debug] [2026-04-23T13:31:46.223Z] No OAuth tokens found
[debug] [2026-04-23T13:31:46.224Z] >>> [apiv2][query] POST https://cloudresourcemanager.googleapis.com/v1/projects/ecosystem-hub:testIamPermissions [none]
[debug] [2026-04-23T13:31:46.224Z] >>> [apiv2][(partial)header] POST https://cloudresourcemanager.googleapis.com/v1/projects/ecosystem-hub:testIamPermissions  x-goog-user-project=ecosystem-hub
[debug] [2026-04-23T13:31:46.226Z] >>> [apiv2][body] POST https://cloudresourcemanager.googleapis.com/v1/projects/ecosystem-hub:testIamPermissions {"permissions":["firebase.projects.get"]}
[debug] [2026-04-23T13:31:46.511Z] <<< [apiv2][status] POST https://cloudresourcemanager.googleapis.com/v1/projects/ecosystem-hub:testIamPermissions 200
[debug] [2026-04-23T13:31:46.512Z] <<< [apiv2][body] POST https://cloudresourcemanager.googleapis.com/v1/projects/ecosystem-hub:testIamPermissions {"permissions":["firebase.projects.get"]}
[info] 
[info] === Deploying to 'ecosystem-hub'...
[info] 
[info] i  deploying apphosting 
[debug] [2026-04-23T13:31:46.537Z] No OAuth tokens found
[debug] [2026-04-23T13:31:46.537Z] >>> [apiv2][query] POST https://iam.googleapis.com/v1/projects/ecosystem-hub/serviceAccounts/firebase-app-hosting-compute@ecosystem-hub.iam.gserviceaccount.com:testIamPermissions [none]
[debug] [2026-04-23T13:31:46.541Z] >>> [apiv2][(partial)header] POST https://iam.googleapis.com/v1/projects/ecosystem-hub/serviceAccounts/firebase-app-hosting-compute@ecosystem-hub.iam.gserviceaccount.com:testIamPermissions  x-goog-user-project=ecosystem-hub
[debug] [2026-04-23T13:31:46.542Z] >>> [apiv2][body] POST https://iam.googleapis.com/v1/projects/ecosystem-hub/serviceAccounts/firebase-app-hosting-compute@ecosystem-hub.iam.gserviceaccount.com:testIamPermissions {"permissions":["iam.serviceAccounts.actAs"]}
[debug] [2026-04-23T13:31:47.547Z] <<< [apiv2][status] POST https://iam.googleapis.com/v1/projects/ecosystem-hub/serviceAccounts/firebase-app-hosting-compute@ecosystem-hub.iam.gserviceaccount.com:testIamPermissions 200
[debug] [2026-04-23T13:31:47.550Z] <<< [apiv2][body] POST https://iam.googleapis.com/v1/projects/ecosystem-hub/serviceAccounts/firebase-app-hosting-compute@ecosystem-hub.iam.gserviceaccount.com:testIamPermissions {"permissions":["iam.serviceAccounts.actAs"]}
[debug] [2026-04-23T13:31:47.558Z] No OAuth tokens found
[debug] [2026-04-23T13:31:47.558Z] >>> [apiv2][query] POST https://iam.googleapis.com/v1/projects/ecosystem-hub/serviceAccounts [none]
[debug] [2026-04-23T13:31:47.558Z] >>> [apiv2][body] POST https://iam.googleapis.com/v1/projects/ecosystem-hub/serviceAccounts {"accountId":"firebase-app-hosting-compute","serviceAccount":{"displayName":"Firebase App Hosting compute service account","description":"Default service account used to run builds and deploys for Firebase App Hosting"}}
[debug] [2026-04-23T13:31:47.868Z] <<< [apiv2][status] POST https://iam.googleapis.com/v1/projects/ecosystem-hub/serviceAccounts 409
[debug] [2026-04-23T13:31:47.869Z] <<< [apiv2][body] POST https://iam.googleapis.com/v1/projects/ecosystem-hub/serviceAccounts [omitted]
[debug] [2026-04-23T13:31:47.871Z] No OAuth tokens found
[debug] [2026-04-23T13:31:47.872Z] >>> [apiv2][query] POST https://cloudresourcemanager.googleapis.com/v1/projects/ecosystem-hub:getIamPolicy [none]
[debug] [2026-04-23T13:31:48.223Z] <<< [apiv2][status] POST https://cloudresourcemanager.googleapis.com/v1/projects/ecosystem-hub:getIamPolicy 200
[debug] [2026-04-23T13:31:48.224Z] <<< [apiv2][body] POST https://cloudresourcemanager.googleapis.com/v1/projects/ecosystem-hub:getIamPolicy {"version":1,"etag":"BwZOUGmdvag=","bindings":[{"role":"roles/accessapproval.viewer","members":["user:charleskramer2211@gmail.com"]},{"role":"roles/aiplatform.user","members":["serviceAccount:204859518196-compute@developer.gserviceaccount.com","serviceAccount:firebase-app-hosting-compute@ecosystem-hub.iam.gserviceaccount.com"]},{"role":"roles/artifactregistry.serviceAgent","members":["serviceAccount:service-204859518196@gcp-sa-artifactregistry.iam.gserviceaccount.com"]},{"role":"roles/cloudaicompanion.serviceAgent","members":["serviceAccount:service-204859518196@gcp-sa-cloudaicompanion.iam.gserviceaccount.com"]},{"role":"roles/cloudbuild.builds.builder","members":["serviceAccount:204859518196@cloudbuild.gserviceaccount.com"]},{"role":"roles/cloudbuild.serviceAgent","members":["serviceAccount:service-204859518196@gcp-sa-cloudbuild.iam.gserviceaccount.com"]},{"role":"roles/containeranalysis.ServiceAgent","members":["serviceAccount:service-204859518196@container-analysis.iam.gserviceaccount.com"]},{"role":"roles/containerregistry.ServiceAgent","members":["serviceAccount:service-204859518196@containerregistry.iam.gserviceaccount.com"]},{"role":"roles/datastore.importExportAdmin","members":["serviceAccount:ecosystem-hub-backend@ecosystem-hub.iam.gserviceaccount.com"]},{"role":"roles/datastore.user","members":["serviceAccount:ecosystem-hub-backend@ecosystem-hub.iam.gserviceaccount.com"]},{"role":"roles/developerconnect.readTokenAccessor","members":["serviceAccount:firebase-app-hosting-compute@ecosystem-hub.iam.gserviceaccount.com"]},{"role":"roles/editor","members":["serviceAccount:204859518196@cloudservices.gserviceaccount.com"]},{"role":"roles/firebase.admin","members":["serviceAccount:204859518196-compute@developer.gserviceaccount.com","serviceAccount:204859518196@cloudbuild.gserviceaccount.com"]},{"role":"roles/firebase.managementServiceAgent","members":["serviceAccount:service-204859518196@gcp-sa-firebase.iam.gserviceaccount.com"]},{"role":"roles/firebase.sdkAdminServiceAgent","members":["serviceAccount:firebase-adminsdk-fbsvc@ecosystem-hub.iam.gserviceaccount.com","serviceAccount:firebase-app-hosting-compute@ecosystem-hub.iam.gserviceaccount.com"]},{"role":"roles/firebaseappcheck.admin","members":["serviceAccount:firebase-adminsdk-fbsvc@ecosystem-hub.iam.gserviceaccount.com"]},{"role":"roles/firebaseapphosting.admin","members":["serviceAccount:204859518196-compute@developer.gserviceaccount.com"]},{"role":"roles/firebaseapphosting.computeRunner","members":["serviceAccount:firebase-app-hosting-compute@ecosystem-hub.iam.gserviceaccount.com"]},{"role":"roles/firebaseapphosting.serviceAgent","members":["serviceAccount:service-204859518196@gcp-sa-firebaseapphosting.iam.gserviceaccount.com"]},{"role":"roles/firebaseauth.admin","members":["serviceAccount:firebase-adminsdk-fbsvc@ecosystem-hub.iam.gserviceaccount.com"]},{"role":"roles/firebasedatabase.admin","members":["serviceAccount:firebase-adminsdk-fbsvc@ecosystem-hub.iam.gserviceaccount.com"]},{"role":"roles/firebasemods.serviceAgent","members":["serviceAccount:service-204859518196@gcp-sa-firebasemods.iam.gserviceaccount.com"]},{"role":"roles/firebaserules.system","members":["serviceAccount:service-204859518196@firebase-rules.iam.gserviceaccount.com"]},{"role":"roles/firebasestorage.serviceAgent","members":["serviceAccount:service-204859518196@gcp-sa-firebasestorage.iam.gserviceaccount.com"]},{"role":"roles/firestore.serviceAgent","members":["serviceAccount:service-204859518196@gcp-sa-firestore.iam.gserviceaccount.com"]},{"role":"roles/iam.serviceAccountTokenCreator","members":["serviceAccount:firebase-adminsdk-fbsvc@ecosystem-hub.iam.gserviceaccount.com"]},{"role":"roles/iam.serviceAccountUser","members":["serviceAccount:204859518196@cloudbuild.gserviceaccount.com","serviceAccount:ecosystem-hub-backend@ecosystem-hub.iam.gserviceaccount.com","serviceAccount:firebase-adminsdk-fbsvc@ecosystem-hub.iam.gserviceaccount.com"]},{"role":"roles/logging.configWriter","members":["serviceAccount:204859518196@cloudbuild.gserviceaccount.com"]},{"role":"roles/logging.logWriter","members":["serviceAccount:204859518196-compute@developer.gserviceaccount.com"]},{"role":"roles/owner","members":["user:mkoton100@gmail.com"]},{"role":"roles/run.admin","members":["serviceAccount:204859518196@cloudbuild.gserviceaccount.com"]},{"role":"roles/run.serviceAgent","members":["serviceAccount:service-204859518196@serverless-robot-prod.iam.gserviceaccount.com"]},{"role":"roles/serviceusage.serviceUsageConsumer","members":["serviceAccount:firebase-adminsdk-fbsvc@ecosystem-hub.iam.gserviceaccount.com"]},{"role":"roles/storage.admin","members":["serviceAccount:204859518196-compute@developer.gserviceaccount.com","serviceAccount:204859518196@cloudbuild.gserviceaccount.com","serviceAccount:ecosystem-hub-backend@ecosystem-hub.iam.gserviceaccount.com","serviceAccount:firebase-adminsdk-fbsvc@ecosystem-hub.iam.gserviceaccount.com"]},{"role":"roles/storage.objectAdmin","members":["serviceAccount:ecosystem-hub-backend@ecosystem-hub.iam.gserviceaccount.com"]},{"role":"roles/storage.objectViewer","members":["serviceAccount:firebase-app-hosting-compute@ecosystem-hub.iam.gserviceaccount.com"]},{"role":"roles/viewer","members":["user:farrelk007@gmail.com"]}]}
[debug] [2026-04-23T13:31:48.230Z] No OAuth tokens found
[debug] [2026-04-23T13:31:48.230Z] >>> [apiv2][query] POST https://cloudresourcemanager.googleapis.com/v1/projects/ecosystem-hub:setIamPolicy [none]
[debug] [2026-04-23T13:31:48.230Z] >>> [apiv2][body] POST https://cloudresourcemanager.googleapis.com/v1/projects/ecosystem-hub:setIamPolicy {"policy":{"version":1,"etag":"BwZOUGmdvag=","bindings":[{"role":"roles/accessapproval.viewer","members":["user:charleskramer2211@gmail.com"]},{"role":"roles/aiplatform.user","members":["serviceAccount:204859518196-compute@developer.gserviceaccount.com","serviceAccount:firebase-app-hosting-compute@ecosystem-hub.iam.gserviceaccount.com"]},{"role":"roles/artifactregistry.serviceAgent","members":["serviceAccount:service-204859518196@gcp-sa-artifactregistry.iam.gserviceaccount.com"]},{"role":"roles/cloudaicompanion.serviceAgent","members":["serviceAccount:service-204859518196@gcp-sa-cloudaicompanion.iam.gserviceaccount.com"]},{"role":"roles/cloudbuild.builds.builder","members":["serviceAccount:204859518196@cloudbuild.gserviceaccount.com"]},{"role":"roles/cloudbuild.serviceAgent","members":["serviceAccount:service-204859518196@gcp-sa-cloudbuild.iam.gserviceaccount.com"]},{"role":"roles/containeranalysis.ServiceAgent","members":["serviceAccount:service-204859518196@container-analysis.iam.gserviceaccount.com"]},{"role":"roles/containerregistry.ServiceAgent","members":["serviceAccount:service-204859518196@containerregistry.iam.gserviceaccount.com"]},{"role":"roles/datastore.importExportAdmin","members":["serviceAccount:ecosystem-hub-backend@ecosystem-hub.iam.gserviceaccount.com"]},{"role":"roles/datastore.user","members":["serviceAccount:ecosystem-hub-backend@ecosystem-hub.iam.gserviceaccount.com"]},{"role":"roles/developerconnect.readTokenAccessor","members":["serviceAccount:firebase-app-hosting-compute@ecosystem-hub.iam.gserviceaccount.com"]},{"role":"roles/editor","members":["serviceAccount:204859518196@cloudservices.gserviceaccount.com"]},{"role":"roles/firebase.admin","members":["serviceAccount:204859518196-compute@developer.gserviceaccount.com","serviceAccount:204859518196@cloudbuild.gserviceaccount.com"]},{"role":"roles/firebase.managementServiceAgent","members":["serviceAccount:service-204859518196@gcp-sa-firebase.iam.gserviceaccount.com"]},{"role":"roles/firebase.sdkAdminServiceAgent","members":["serviceAccount:firebase-adminsdk-fbsvc@ecosystem-hub.iam.gserviceaccount.com","serviceAccount:firebase-app-hosting-compute@ecosystem-hub.iam.gserviceaccount.com"]},{"role":"roles/firebaseappcheck.admin","members":["serviceAccount:firebase-adminsdk-fbsvc@ecosystem-hub.iam.gserviceaccount.com"]},{"role":"roles/firebaseapphosting.admin","members":["serviceAccount:204859518196-compute@developer.gserviceaccount.com"]},{"role":"roles/firebaseapphosting.computeRunner","members":["serviceAccount:firebase-app-hosting-compute@ecosystem-hub.iam.gserviceaccount.com"]},{"role":"roles/firebaseapphosting.serviceAgent","members":["serviceAccount:service-204859518196@gcp-sa-firebaseapphosting.iam.gserviceaccount.com"]},{"role":"roles/firebaseauth.admin","members":["serviceAccount:firebase-adminsdk-fbsvc@ecosystem-hub.iam.gserviceaccount.com"]},{"role":"roles/firebasedatabase.admin","members":["serviceAccount:firebase-adminsdk-fbsvc@ecosystem-hub.iam.gserviceaccount.com"]},{"role":"roles/firebasemods.serviceAgent","members":["serviceAccount:service-204859518196@gcp-sa-firebasemods.iam.gserviceaccount.com"]},{"role":"roles/firebaserules.system","members":["serviceAccount:service-204859518196@firebase-rules.iam.gserviceaccount.com"]},{"role":"roles/firebasestorage.serviceAgent","members":["serviceAccount:service-204859518196@gcp-sa-firebasestorage.iam.gserviceaccount.com"]},{"role":"roles/firestore.serviceAgent","members":["serviceAccount:service-204859518196@gcp-sa-firestore.iam.gserviceaccount.com"]},{"role":"roles/iam.serviceAccountTokenCreator","members":["serviceAccount:firebase-adminsdk-fbsvc@ecosystem-hub.iam.gserviceaccount.com"]},{"role":"roles/iam.serviceAccountUser","members":["serviceAccount:204859518196@cloudbuild.gserviceaccount.com","serviceAccount:ecosystem-hub-backend@ecosystem-hub.iam.gserviceaccount.com","serviceAccount:firebase-adminsdk-fbsvc@ecosystem-hub.iam.gserviceaccount.com"]},{"role":"roles/logging.configWriter","members":["serviceAccount:204859518196@cloudbuild.gserviceaccount.com"]},{"role":"roles/logging.logWriter","members":["serviceAccount:204859518196-compute@developer.gserviceaccount.com"]},{"role":"roles/owner","members":["user:mkoton100@gmail.com"]},{"role":"roles/run.admin","members":["serviceAccount:204859518196@cloudbuild.gserviceaccount.com"]},{"role":"roles/run.serviceAgent","members":["serviceAccount:service-204859518196@serverless-robot-prod.iam.gserviceaccount.com"]},{"role":"roles/serviceusage.serviceUsageConsumer","members":["serviceAccount:firebase-adminsdk-fbsvc@ecosystem-hub.iam.gserviceaccount.com"]},{"role":"roles/storage.admin","members":["serviceAccount:204859518196-compute@developer.gserviceaccount.com","serviceAccount:204859518196@cloudbuild.gserviceaccount.com","serviceAccount:ecosystem-hub-backend@ecosystem-hub.iam.gserviceaccount.com","serviceAccount:firebase-adminsdk-fbsvc@ecosystem-hub.iam.gserviceaccount.com"]},{"role":"roles/storage.objectAdmin","members":["serviceAccount:ecosystem-hub-backend@ecosystem-hub.iam.gserviceaccount.com"]},{"role":"roles/storage.objectViewer","members":["serviceAccount:firebase-app-hosting-compute@ecosystem-hub.iam.gserviceaccount.com"]},{"role":"roles/viewer","members":["user:farrelk007@gmail.com"]}]},"updateMask":"bindings"}
[debug] [2026-04-23T13:31:49.355Z] <<< [apiv2][status] POST https://cloudresourcemanager.googleapis.com/v1/projects/ecosystem-hub:setIamPolicy 200
[debug] [2026-04-23T13:31:49.355Z] <<< [apiv2][body] POST https://cloudresourcemanager.googleapis.com/v1/projects/ecosystem-hub:setIamPolicy {"version":1,"etag":"BwZQIKumpVw=","bindings":[{"role":"roles/accessapproval.viewer","members":["user:charleskramer2211@gmail.com"]},{"role":"roles/aiplatform.user","members":["serviceAccount:204859518196-compute@developer.gserviceaccount.com","serviceAccount:firebase-app-hosting-compute@ecosystem-hub.iam.gserviceaccount.com"]},{"role":"roles/artifactregistry.serviceAgent","members":["serviceAccount:service-204859518196@gcp-sa-artifactregistry.iam.gserviceaccount.com"]},{"role":"roles/cloudaicompanion.serviceAgent","members":["serviceAccount:service-204859518196@gcp-sa-cloudaicompanion.iam.gserviceaccount.com"]},{"role":"roles/cloudbuild.builds.builder","members":["serviceAccount:204859518196@cloudbuild.gserviceaccount.com"]},{"role":"roles/cloudbuild.serviceAgent","members":["serviceAccount:service-204859518196@gcp-sa-cloudbuild.iam.gserviceaccount.com"]},{"role":"roles/containeranalysis.ServiceAgent","members":["serviceAccount:service-204859518196@container-analysis.iam.gserviceaccount.com"]},{"role":"roles/containerregistry.ServiceAgent","members":["serviceAccount:service-204859518196@containerregistry.iam.gserviceaccount.com"]},{"role":"roles/datastore.importExportAdmin","members":["serviceAccount:ecosystem-hub-backend@ecosystem-hub.iam.gserviceaccount.com"]},{"role":"roles/datastore.user","members":["serviceAccount:ecosystem-hub-backend@ecosystem-hub.iam.gserviceaccount.com"]},{"role":"roles/developerconnect.readTokenAccessor","members":["serviceAccount:firebase-app-hosting-compute@ecosystem-hub.iam.gserviceaccount.com"]},{"role":"roles/editor","members":["serviceAccount:204859518196@cloudservices.gserviceaccount.com"]},{"role":"roles/firebase.admin","members":["serviceAccount:204859518196-compute@developer.gserviceaccount.com","serviceAccount:204859518196@cloudbuild.gserviceaccount.com"]},{"role":"roles/firebase.managementServiceAgent","members":["serviceAccount:service-204859518196@gcp-sa-firebase.iam.gserviceaccount.com"]},{"role":"roles/firebase.sdkAdminServiceAgent","members":["serviceAccount:firebase-adminsdk-fbsvc@ecosystem-hub.iam.gserviceaccount.com","serviceAccount:firebase-app-hosting-compute@ecosystem-hub.iam.gserviceaccount.com"]},{"role":"roles/firebaseappcheck.admin","members":["serviceAccount:firebase-adminsdk-fbsvc@ecosystem-hub.iam.gserviceaccount.com"]},{"role":"roles/firebaseapphosting.admin","members":["serviceAccount:204859518196-compute@developer.gserviceaccount.com"]},{"role":"roles/firebaseapphosting.computeRunner","members":["serviceAccount:firebase-app-hosting-compute@ecosystem-hub.iam.gserviceaccount.com"]},{"role":"roles/firebaseapphosting.serviceAgent","members":["serviceAccount:service-204859518196@gcp-sa-firebaseapphosting.iam.gserviceaccount.com"]},{"role":"roles/firebaseauth.admin","members":["serviceAccount:firebase-adminsdk-fbsvc@ecosystem-hub.iam.gserviceaccount.com"]},{"role":"roles/firebasedatabase.admin","members":["serviceAccount:firebase-adminsdk-fbsvc@ecosystem-hub.iam.gserviceaccount.com"]},{"role":"roles/firebasemods.serviceAgent","members":["serviceAccount:service-204859518196@gcp-sa-firebasemods.iam.gserviceaccount.com"]},{"role":"roles/firebaserules.system","members":["serviceAccount:service-204859518196@firebase-rules.iam.gserviceaccount.com"]},{"role":"roles/firebasestorage.serviceAgent","members":["serviceAccount:service-204859518196@gcp-sa-firebasestorage.iam.gserviceaccount.com"]},{"role":"roles/firestore.serviceAgent","members":["serviceAccount:service-204859518196@gcp-sa-firestore.iam.gserviceaccount.com"]},{"role":"roles/iam.serviceAccountTokenCreator","members":["serviceAccount:firebase-adminsdk-fbsvc@ecosystem-hub.iam.gserviceaccount.com"]},{"role":"roles/iam.serviceAccountUser","members":["serviceAccount:204859518196@cloudbuild.gserviceaccount.com","serviceAccount:ecosystem-hub-backend@ecosystem-hub.iam.gserviceaccount.com","serviceAccount:firebase-adminsdk-fbsvc@ecosystem-hub.iam.gserviceaccount.com"]},{"role":"roles/logging.configWriter","members":["serviceAccount:204859518196@cloudbuild.gserviceaccount.com"]},{"role":"roles/logging.logWriter","members":["serviceAccount:204859518196-compute@developer.gserviceaccount.com"]},{"role":"roles/owner","members":["user:mkoton100@gmail.com"]},{"role":"roles/run.admin","members":["serviceAccount:204859518196@cloudbuild.gserviceaccount.com"]},{"role":"roles/run.serviceAgent","members":["serviceAccount:service-204859518196@serverless-robot-prod.iam.gserviceaccount.com"]},{"role":"roles/serviceusage.serviceUsageConsumer","members":["serviceAccount:firebase-adminsdk-fbsvc@ecosystem-hub.iam.gserviceaccount.com"]},{"role":"roles/storage.admin","members":["serviceAccount:204859518196-compute@developer.gserviceaccount.com","serviceAccount:204859518196@cloudbuild.gserviceaccount.com","serviceAccount:ecosystem-hub-backend@ecosystem-hub.iam.gserviceaccount.com","serviceAccount:firebase-adminsdk-fbsvc@ecosystem-hub.iam.gserviceaccount.com"]},{"role":"roles/storage.objectAdmin","members":["serviceAccount:ecosystem-hub-backend@ecosystem-hub.iam.gserviceaccount.com"]},{"role":"roles/storage.objectViewer","members":["serviceAccount:firebase-app-hosting-compute@ecosystem-hub.iam.gserviceaccount.com"]},{"role":"roles/viewer","members":["user:farrelk007@gmail.com"]}]}
[debug] [2026-04-23T13:31:49.357Z] No OAuth tokens found
[debug] [2026-04-23T13:31:49.360Z] >>> [apiv2][query] GET https://firebaseapphosting.googleapis.com/v1beta/projects/ecosystem-hub/locations/-/backends 
[debug] [2026-04-23T13:31:50.678Z] <<< [apiv2][status] GET https://firebaseapphosting.googleapis.com/v1beta/projects/ecosystem-hub/locations/-/backends 200
[debug] [2026-04-23T13:31:50.678Z] <<< [apiv2][body] GET https://firebaseapphosting.googleapis.com/v1beta/projects/ecosystem-hub/locations/-/backends {"backends":[{"name":"projects/ecosystem-hub/locations/us-central1/backends/studio","createTime":"2026-03-14T17:22:04.013249591Z","updateTime":"2026-04-23T13:14:42.191207Z","uri":"studio--ecosystem-hub.us-central1.hosted.app","managedResources":[{"runService":{"service":"projects/204859518196/locations/us-central1/services/studio"}}],"displayName":"Studio","uid":"b445e8cf-472a-469c-9c1a-1d63db2bd488","etag":"rocz3We5zv9qCotT4HhgPPNLh8QmV2GYx_KHuuFUvXU","reconciling":false,"servingLocality":"GLOBAL_ACCESS","serviceAccount":"firebase-app-hosting-compute@ecosystem-hub.iam.gserviceaccount.com","appId":"1:204859518196:web:1e61ab7520aa2386c742a1"}]}
[debug] [2026-04-23T13:32:08.755Z] TypeError: Cannot read properties of undefined (reading 'name')
    at /home/user/.global_modules/lib/node_modules/firebase-tools/node_modules/@inquirer/checkbox/dist/commonjs/index.js:56:29
    at Array.map (<anonymous>)
    at normalizeChoices (/home/user/.global_modules/lib/node_modules/firebase-tools/node_modules/@inquirer/checkbox/dist/commonjs/index.js:43:20)
    at /home/user/.global_modules/lib/node_modules/firebase-tools/node_modules/@inquirer/checkbox/dist/commonjs/index.js:80:52
    at /home/user/.global_modules/lib/node_modules/firebase-tools/node_modules/@inquirer/core/dist/commonjs/lib/create-prompt.js:120:38
    at store.handleChange (/home/user/.global_modules/lib/node_modules/firebase-tools/node_modules/@inquirer/core/dist/commonjs/lib/hook-engine.js:31:17)
    at cycle (/home/user/.global_modules/lib/node_modules/firebase-tools/node_modules/@inquirer/core/dist/commonjs/lib/hook-engine.js:33:19)
    at /home/user/.global_modules/lib/node_modules/firebase-tools/node_modules/@inquirer/core/dist/commonjs/lib/create-prompt.js:118:13
    at /home/user/.global_modules/lib/node_modules/firebase-tools/node_modules/@inquirer/core/dist/commonjs/lib/hook-engine.js:35:16
    at AsyncLocalStorage.run (node:async_hooks:346:14)
[error] 
[error] Error: An unexpected error has occurred.
